0 verbose cli /usr/local/bin/node /usr/local/lib/node_modules/npm/bin/npm-cli.js
1 info using npm@11.6.2
2 info using node@v24.13.0
3 silly config load:file:/usr/local/lib/node_modules/npm/npmrc
4 silly config load:file:/Users/chenyouwei/stocklens(trae)/stock-lens/.npmrc
5 silly config load:file:/usr/local/etc/npmrc
6 verbose title npm exec vercel --prod --yes
7 verbose argv "exec" "--yes" "--" "vercel" "--prod" "--yes"
8 verbose logfile logs-max:10 dir:/Users/chenyouwei/stocklens(trae)/stock-lens/.npm/_logs/2026-01-30T18_57_40_860Z-
9 verbose logfile /Users/chenyouwei/stocklens(trae)/stock-lens/.npm/_logs/2026-01-30T18_57_40_860Z-debug-0.log
10 silly logfile done cleaning log files
11 silly packumentCache heap:4496293888 maxSize:1124073472 maxEntrySize:562036736
12 http fetch GET 200 https://registry.npmjs.org/vercel 233ms (cache miss)
13 silly packumentCache heap:4496293888 maxSize:1124073472 maxEntrySize:562036736
14 silly packumentCache heap:4496293888 maxSize:1124073472 maxEntrySize:562036736
15 silly idealTree buildDeps
16 silly fetch manifest vercel@50.9.6
17 silly packumentCache full:https://registry.npmjs.org/vercel cache-miss
18 http fetch GET 200 https://registry.npmjs.org/vercel 145ms (cache miss)
19 silly packumentCache full:https://registry.npmjs.org/vercel set size:undefined disposed:false
20 silly placeDep ROOT vercel@50.9.6 OK for:  want: 50.9.6
21 silly fetch manifest jose@5.9.6
22 silly packumentCache full:https://registry.npmjs.org/jose cache-miss
23 silly fetch manifest esbuild@0.27.0
24 silly packumentCache full:https://registry.npmjs.org/esbuild cache-miss
25 silly fetch manifest chokidar@4.0.0
26 silly packumentCache full:https://registry.npmjs.org/chokidar cache-miss
27 silly fetch manifest form-data@^4.0.0
28 silly packumentCache full:https://registry.npmjs.org/form-data cache-miss
29 silly fetch manifest @vercel/go@3.3.4
30 silly packumentCache full:https://registry.npmjs.org/@vercel%2fgo cache-miss
31 silly fetch manifest @vercel/h3@0.1.36
32 silly packumentCache full:https://registry.npmjs.org/@vercel%2fh3 cache-miss
33 silly fetch manifest @vercel/fun@1.2.1
34 silly packumentCache full:https://registry.npmjs.org/@vercel%2ffun cache-miss
35 http fetch GET 200 https://registry.npmjs.org/jose 81ms (cache miss)
36 silly packumentCache full:https://registry.npmjs.org/jose set size:undefined disposed:false
37 silly fetch manifest @vercel/koa@0.1.10
38 silly packumentCache full:https://registry.npmjs.org/@vercel%2fkoa cache-miss
39 http fetch GET 200 https://registry.npmjs.org/npm 628ms
40 http fetch GET 200 https://registry.npmjs.org/@vercel%2fkoa 104ms (cache miss)
41 silly packumentCache full:https://registry.npmjs.org/@vercel%2fkoa set size:undefined disposed:false
42 silly fetch manifest @vercel/blob@1.0.2
43 silly packumentCache full:https://registry.npmjs.org/@vercel%2fblob cache-miss
44 http fetch GET 200 https://registry.npmjs.org/form-data 213ms (cache miss)
45 silly packumentCache full:https://registry.npmjs.org/form-data set size:undefined disposed:false
46 silly fetch manifest @vercel/hono@0.2.30
47 silly packumentCache full:https://registry.npmjs.org/@vercel%2fhono cache-miss
48 http fetch GET 200 https://registry.npmjs.org/chokidar 224ms (cache miss)
49 silly packumentCache full:https://registry.npmjs.org/chokidar set size:undefined disposed:false
50 silly fetch manifest @vercel/next@4.15.20
51 silly packumentCache full:https://registry.npmjs.org/@vercel%2fnext cache-miss
52 http fetch GET 200 https://registry.npmjs.org/@vercel%2fh3 250ms (cache miss)
53 silly packumentCache full:https://registry.npmjs.org/@vercel%2fh3 set size:undefined disposed:false
54 silly fetch manifest @vercel/node@5.5.28
55 silly packumentCache full:https://registry.npmjs.org/@vercel%2fnode cache-miss
56 http fetch GET 200 https://registry.npmjs.org/@vercel%2fgo 293ms (cache miss)
57 silly packumentCache full:https://registry.npmjs.org/@vercel%2fgo set size:undefined disposed:false
58 silly fetch manifest @vercel/ruby@2.2.5
59 silly packumentCache full:https://registry.npmjs.org/@vercel%2fruby cache-miss
60 http fetch GET 200 https://registry.npmjs.org/esbuild 321ms (cache miss)
61 silly packumentCache full:https://registry.npmjs.org/esbuild set size:undefined disposed:false
62 silly fetch manifest @vercel/rust@1.0.5
63 silly packumentCache full:https://registry.npmjs.org/@vercel%2frust cache-miss
64 http fetch GET 200 https://registry.npmjs.org/@vercel%2fhono 120ms (cache miss)
65 silly packumentCache full:https://registry.npmjs.org/@vercel%2fhono set size:undefined disposed:false
66 silly fetch manifest @vercel/elysia@0.1.27
67 silly packumentCache full:https://registry.npmjs.org/@vercel%2felysia cache-miss
68 http fetch GET 200 https://registry.npmjs.org/@vercel%2fruby 103ms (cache miss)
69 silly packumentCache full:https://registry.npmjs.org/@vercel%2fruby set size:undefined disposed:false
70 silly fetch manifest @vercel/nestjs@0.2.31
71 silly packumentCache full:https://registry.npmjs.org/@vercel%2fnestjs cache-miss
72 http fetch GET 200 https://registry.npmjs.org/@vercel%2fnext 177ms (cache miss)
73 silly packumentCache full:https://registry.npmjs.org/@vercel%2fnext set size:undefined disposed:false
74 silly fetch manifest @vercel/python@6.4.2
75 silly packumentCache full:https://registry.npmjs.org/@vercel%2fpython cache-miss
76 http fetch GET 200 https://registry.npmjs.org/@vercel%2frust 85ms (cache miss)
77 silly packumentCache full:https://registry.npmjs.org/@vercel%2frust set size:undefined disposed:false
78 silly fetch manifest @vercel/express@0.1.35
79 silly packumentCache full:https://registry.npmjs.org/@vercel%2fexpress cache-miss
80 http fetch GET 200 https://registry.npmjs.org/@vercel%2felysia 75ms (cache miss)
81 silly packumentCache full:https://registry.npmjs.org/@vercel%2felysia set size:undefined disposed:false
82 silly fetch manifest @vercel/fastify@0.1.30
83 silly packumentCache full:https://registry.npmjs.org/@vercel%2ffastify cache-miss
84 http fetch GET 200 https://registry.npmjs.org/@vercel%2fnestjs 58ms (cache miss)
85 silly packumentCache full:https://registry.npmjs.org/@vercel%2fnestjs set size:undefined disposed:false
86 silly fetch manifest @vercel/redwood@2.4.9
87 silly packumentCache full:https://registry.npmjs.org/@vercel%2fredwood cache-miss
88 http fetch GET 200 https://registry.npmjs.org/@vercel%2fexpress 59ms (cache miss)
89 silly packumentCache full:https://registry.npmjs.org/@vercel%2fexpress set size:undefined disposed:false
90 silly fetch manifest @vercel/backends@0.0.24
91 silly packumentCache full:https://registry.npmjs.org/@vercel%2fbackends cache-miss
92 http fetch GET 200 https://registry.npmjs.org/@vercel%2ffastify 74ms (cache miss)
93 silly packumentCache full:https://registry.npmjs.org/@vercel%2ffastify set size:undefined disposed:false
94 silly fetch manifest @vercel/hydrogen@1.3.5
95 silly packumentCache full:https://registry.npmjs.org/@vercel%2fhydrogen cache-miss
96 http fetch GET 200 https://registry.npmjs.org/@vercel%2fpython 93ms (cache miss)
97 silly packumentCache full:https://registry.npmjs.org/@vercel%2fpython set size:undefined disposed:false
98 silly fetch manifest @vercel/build-utils@13.2.16
99 silly packumentCache full:https://registry.npmjs.org/@vercel%2fbuild-utils cache-miss
100 http fetch GET 200 https://registry.npmjs.org/@vercel%2fblob 351ms (cache miss)
101 silly packumentCache full:https://registry.npmjs.org/@vercel%2fblob set size:undefined disposed:false
102 silly fetch manifest @vercel/detect-agent@1.1.0
103 silly packumentCache full:https://registry.npmjs.org/@vercel%2fdetect-agent cache-miss
104 http fetch GET 200 https://registry.npmjs.org/@vercel%2fbackends 74ms (cache miss)
105 silly packumentCache full:https://registry.npmjs.org/@vercel%2fbackends set size:undefined disposed:false
106 silly fetch manifest @vercel/static-build@2.8.28
107 silly packumentCache full:https://registry.npmjs.org/@vercel%2fstatic-build cache-miss
108 http fetch GET 200 https://registry.npmjs.org/@vercel%2fhydrogen 75ms (cache miss)
109 silly packumentCache full:https://registry.npmjs.org/@vercel%2fhydrogen set size:undefined disposed:false
110 silly fetch manifest @vercel/remix-builder@5.5.9
111 silly packumentCache full:https://registry.npmjs.org/@vercel%2fremix-builder cache-miss
112 http fetch GET 200 https://registry.npmjs.org/@vercel%2fbuild-utils 98ms (cache miss)
113 silly packumentCache full:https://registry.npmjs.org/@vercel%2fbuild-utils set size:undefined disposed:false
114 http fetch GET 200 https://registry.npmjs.org/@vercel%2fdetect-agent 67ms (cache miss)
115 silly packumentCache full:https://registry.npmjs.org/@vercel%2fdetect-agent set size:undefined disposed:false
116 http fetch GET 200 https://registry.npmjs.org/@vercel%2fstatic-build 88ms (cache miss)
117 silly packumentCache full:https://registry.npmjs.org/@vercel%2fstatic-build set size:undefined disposed:false
118 http fetch GET 200 https://registry.npmjs.org/@vercel%2ffun 640ms (cache miss)
119 silly packumentCache full:https://registry.npmjs.org/@vercel%2ffun set size:undefined disposed:false
120 http fetch GET 200 https://registry.npmjs.org/@vercel%2fnode 530ms (cache miss)
121 silly packumentCache full:https://registry.npmjs.org/@vercel%2fnode set size:undefined disposed:false
122 http fetch GET 200 https://registry.npmjs.org/@vercel%2fredwood 351ms (cache miss)
123 silly packumentCache full:https://registry.npmjs.org/@vercel%2fredwood set size:undefined disposed:false
124 http fetch GET 200 https://registry.npmjs.org/@vercel%2fremix-builder 346ms (cache miss)
125 silly packumentCache full:https://registry.npmjs.org/@vercel%2fremix-builder set size:undefined disposed:false
126 silly placeDep ROOT @vercel/backends@0.0.24 OK for: vercel@50.9.6 want: 0.0.24
127 silly placeDep ROOT @vercel/blob@1.0.2 OK for: vercel@50.9.6 want: 1.0.2
128 silly placeDep ROOT @vercel/build-utils@13.2.16 OK for: vercel@50.9.6 want: 13.2.16
129 silly placeDep ROOT @vercel/detect-agent@1.1.0 OK for: vercel@50.9.6 want: 1.1.0
130 silly placeDep ROOT @vercel/elysia@0.1.27 OK for: vercel@50.9.6 want: 0.1.27
131 silly placeDep ROOT @vercel/express@0.1.35 OK for: vercel@50.9.6 want: 0.1.35
132 silly placeDep ROOT @vercel/fastify@0.1.30 OK for: vercel@50.9.6 want: 0.1.30
133 silly placeDep ROOT @vercel/fun@1.2.1 OK for: vercel@50.9.6 want: 1.2.1
134 silly placeDep ROOT @vercel/go@3.3.4 OK for: vercel@50.9.6 want: 3.3.4
135 silly placeDep ROOT @vercel/h3@0.1.36 OK for: vercel@50.9.6 want: 0.1.36
136 silly placeDep ROOT @vercel/hono@0.2.30 OK for: vercel@50.9.6 want: 0.2.30
137 silly placeDep ROOT @vercel/hydrogen@1.3.5 OK for: vercel@50.9.6 want: 1.3.5
138 silly placeDep ROOT @vercel/koa@0.1.10 OK for: vercel@50.9.6 want: 0.1.10
139 silly placeDep ROOT @vercel/nestjs@0.2.31 OK for: vercel@50.9.6 want: 0.2.31
140 silly placeDep ROOT @vercel/next@4.15.20 OK for: vercel@50.9.6 want: 4.15.20
141 silly placeDep ROOT @vercel/node@5.5.28 OK for: vercel@50.9.6 want: 5.5.28
142 silly placeDep ROOT @vercel/python@6.4.2 OK for: vercel@50.9.6 want: 6.4.2
143 silly placeDep ROOT @vercel/redwood@2.4.9 OK for: vercel@50.9.6 want: 2.4.9
144 silly placeDep ROOT @vercel/remix-builder@5.5.9 OK for: vercel@50.9.6 want: 5.5.9
145 silly placeDep ROOT @vercel/ruby@2.2.5 OK for: vercel@50.9.6 want: 2.2.5
146 silly placeDep ROOT @vercel/rust@1.0.5 OK for: vercel@50.9.6 want: 1.0.5
147 silly placeDep ROOT @vercel/static-build@2.8.28 OK for: vercel@50.9.6 want: 2.8.28
148 silly placeDep ROOT chokidar@4.0.0 OK for: vercel@50.9.6 want: 4.0.0
149 silly placeDep ROOT esbuild@0.27.0 OK for: vercel@50.9.6 want: 0.27.0
150 silly placeDep ROOT form-data@4.0.5 OK for: vercel@50.9.6 want: ^4.0.0
151 silly placeDep ROOT jose@5.9.6 OK for: vercel@50.9.6 want: 5.9.6
152 silly fetch manifest fs-extra@11.1.0
153 silly packumentCache full:https://registry.npmjs.org/fs-extra cache-miss
154 silly fetch manifest @vercel/cervel@0.0.11
155 silly packumentCache full:https://registry.npmjs.org/@vercel%2fcervel cache-miss
156 silly fetch manifest @vercel/introspection@0.0.10
157 silly packumentCache full:https://registry.npmjs.org/@vercel%2fintrospection cache-miss
158 silly fetch manifest undici@^5.28.4
159 silly packumentCache full:https://registry.npmjs.org/undici cache-miss
160 silly fetch manifest is-buffer@^2.0.5
161 silly packumentCache full:https://registry.npmjs.org/is-buffer cache-miss
162 silly fetch manifest throttleit@^2.1.0
163 silly packumentCache full:https://registry.npmjs.org/throttleit cache-miss
164 silly fetch manifest async-retry@^1.3.3
165 silly packumentCache full:https://registry.npmjs.org/async-retry cache-miss
166 http fetch GET 200 https://registry.npmjs.org/fs-extra 61ms (cache miss)
167 silly packumentCache full:https://registry.npmjs.org/fs-extra set size:undefined disposed:false
168 silly fetch manifest is-node-process@^1.2.0
169 silly packumentCache full:https://registry.npmjs.org/is-node-process cache-miss
170 http fetch GET 200 https://registry.npmjs.org/is-buffer 63ms (cache miss)
171 silly packumentCache full:https://registry.npmjs.org/is-buffer set size:undefined disposed:false
172 silly fetch manifest @vercel/static-config@3.1.2
173 silly packumentCache full:https://registry.npmjs.org/@vercel%2fstatic-config cache-miss
174 http fetch GET 200 https://registry.npmjs.org/async-retry 80ms (cache miss)
175 silly packumentCache full:https://registry.npmjs.org/async-retry set size:undefined disposed:false
176 silly fetch manifest zod@3.22.4
177 silly packumentCache full:https://registry.npmjs.org/zod cache-miss
178 http fetch GET 200 https://registry.npmjs.org/throttleit 126ms (cache miss)
179 silly packumentCache full:https://registry.npmjs.org/throttleit set size:undefined disposed:false
180 silly fetch manifest ts-morph@12.0.0
181 silly packumentCache full:https://registry.npmjs.org/ts-morph cache-miss
182 http fetch GET 200 https://registry.npmjs.org/undici 135ms (cache miss)
183 silly packumentCache full:https://registry.npmjs.org/undici set size:undefined disposed:false
184 silly fetch manifest @vercel/nft@1.1.1
185 silly packumentCache full:https://registry.npmjs.org/@vercel%2fnft cache-miss
186 http fetch GET 200 https://registry.npmjs.org/@vercel%2fcervel 145ms (cache miss)
187 silly packumentCache full:https://registry.npmjs.org/@vercel%2fcervel set size:undefined disposed:false
188 silly fetch manifest path-to-regexp@8.3.0
189 silly packumentCache full:https://registry.npmjs.org/path-to-regexp cache-miss
190 http fetch GET 200 https://registry.npmjs.org/@vercel%2fintrospection 147ms (cache miss)
191 silly packumentCache full:https://registry.npmjs.org/@vercel%2fintrospection set size:undefined disposed:false
192 silly fetch manifest @vercel/static-config@3.1.2
193 silly packumentCache full:https://registry.npmjs.org/@vercel%2fstatic-config cache-miss
194 http fetch GET 200 https://registry.npmjs.org/is-node-process 89ms (cache miss)
195 silly packumentCache full:https://registry.npmjs.org/is-node-process set size:undefined disposed:false
196 silly fetch manifest @vercel/static-config@3.1.2
197 silly packumentCache full:https://registry.npmjs.org/@vercel%2fstatic-config cache-miss
198 http fetch GET 200 https://registry.npmjs.org/path-to-regexp 61ms (cache miss)
199 silly packumentCache full:https://registry.npmjs.org/path-to-regexp set size:undefined disposed:false
200 silly fetch manifest ms@2.1.1
201 silly packumentCache full:https://registry.npmjs.org/ms cache-miss
202 http fetch GET 200 https://registry.npmjs.org/zod 156ms (cache miss)
203 silly packumentCache full:https://registry.npmjs.org/zod set size:undefined disposed:false
204 silly fetch manifest tar@6.2.1
205 silly packumentCache full:https://registry.npmjs.org/tar cache-miss
206 http fetch GET 200 https://registry.npmjs.org/ms 54ms (cache miss)
207 silly packumentCache full:https://registry.npmjs.org/ms set size:undefined disposed:false
208 silly fetch manifest debug@4.3.4
209 silly packumentCache full:https://registry.npmjs.org/debug cache-miss
210 http fetch GET 200 https://registry.npmjs.org/tar 58ms (cache miss)
211 silly packumentCache full:https://registry.npmjs.org/tar set size:undefined disposed:false
212 silly fetch manifest micro@9.3.5-canary.3
213 silly packumentCache full:https://registry.npmjs.org/micro cache-miss
214 http fetch GET 200 https://registry.npmjs.org/ts-morph 192ms (cache miss)
215 silly packumentCache full:https://registry.npmjs.org/ts-morph set size:undefined disposed:false
216 silly fetch manifest semver@7.5.4
217 silly packumentCache full:https://registry.npmjs.org/semver cache-miss
218 http fetch GET 200 https://registry.npmjs.org/micro 48ms (cache miss)
219 silly packumentCache full:https://registry.npmjs.org/micro set size:undefined disposed:false
220 silly fetch manifest tinyexec@0.3.2
221 silly packumentCache full:https://registry.npmjs.org/tinyexec cache-miss
222 http fetch GET 200 https://registry.npmjs.org/semver 53ms (cache miss)
223 silly packumentCache full:https://registry.npmjs.org/semver set size:undefined disposed:false
224 silly fetch manifest stat-mode@0.3.0
225 silly packumentCache full:https://registry.npmjs.org/stat-mode cache-miss
226 http fetch GET 200 https://registry.npmjs.org/tinyexec 57ms (cache miss)
227 silly packumentCache full:https://registry.npmjs.org/tinyexec set size:undefined disposed:false
228 silly fetch manifest tree-kill@1.2.2
229 silly packumentCache full:https://registry.npmjs.org/tree-kill cache-miss
230 http fetch GET 200 https://registry.npmjs.org/@vercel%2fstatic-config 284ms (cache miss)
231 silly packumentCache full:https://registry.npmjs.org/@vercel%2fstatic-config set size:undefined disposed:false
232 silly fetch manifest node-fetch@2.6.7
233 silly packumentCache full:https://registry.npmjs.org/node-fetch cache-miss
234 http fetch GET 200 https://registry.npmjs.org/@vercel%2fstatic-config 295ms (cache miss)
235 silly packumentCache full:https://registry.npmjs.org/@vercel%2fstatic-config set size:undefined disposed:false
236 silly fetch manifest promisepipe@3.0.0
237 silly packumentCache full:https://registry.npmjs.org/promisepipe cache-miss
238 http fetch GET 200 https://registry.npmjs.org/@vercel%2fstatic-config 385ms (cache miss)
239 silly packumentCache full:https://registry.npmjs.org/@vercel%2fstatic-config set size:undefined disposed:false
240 silly fetch manifest uid-promise@1.0.0
241 silly packumentCache full:https://registry.npmjs.org/uid-promise cache-miss
242 http fetch GET 200 https://registry.npmjs.org/debug 186ms (cache miss)
243 silly packumentCache full:https://registry.npmjs.org/debug set size:undefined disposed:false
244 silly fetch manifest async-listen@1.2.0
245 silly packumentCache full:https://registry.npmjs.org/async-listen cache-miss
246 http fetch GET 200 https://registry.npmjs.org/tree-kill 40ms (cache miss)
247 silly packumentCache full:https://registry.npmjs.org/tree-kill set size:undefined disposed:false
248 silly fetch manifest generic-pool@3.4.2
249 silly packumentCache full:https://registry.npmjs.org/generic-pool cache-miss
250 http fetch GET 200 https://registry.npmjs.org/@vercel%2fnft 426ms (cache miss)
251 silly packumentCache full:https://registry.npmjs.org/@vercel%2fnft set size:undefined disposed:false
252 silly fetch manifest xdg-app-paths@5.1.0
253 silly packumentCache full:https://registry.npmjs.org/xdg-app-paths cache-miss
254 http fetch GET 200 https://registry.npmjs.org/stat-mode 203ms (cache miss)
255 silly packumentCache full:https://registry.npmjs.org/stat-mode set size:undefined disposed:false
256 silly fetch manifest yauzl-promise@2.1.3
257 silly packumentCache full:https://registry.npmjs.org/yauzl-promise cache-miss
258 http fetch GET 200 https://registry.npmjs.org/xdg-app-paths 43ms (cache miss)
259 silly packumentCache full:https://registry.npmjs.org/xdg-app-paths set size:undefined disposed:false
260 silly fetch manifest path-to-regexp@8.2.0
261 silly packumentCache full:https://registry.npmjs.org/path-to-regexp cache-miss
262 http cache https://registry.npmjs.org/path-to-regexp 2ms (cache hit)
263 silly packumentCache full:https://registry.npmjs.org/path-to-regexp set size:207142 disposed:false
264 silly fetch manifest @tootallnate/once@2.0.0
265 silly packumentCache full:https://registry.npmjs.org/@tootallnate%2fonce cache-miss
266 http fetch GET 200 https://registry.npmjs.org/yauzl-promise 43ms (cache miss)
267 silly packumentCache full:https://registry.npmjs.org/yauzl-promise set size:undefined disposed:false
268 silly fetch manifest stream-to-promise@2.2.0
269 silly packumentCache full:https://registry.npmjs.org/stream-to-promise cache-miss
270 http fetch GET 200 https://registry.npmjs.org/promisepipe 195ms (cache miss)
271 silly packumentCache full:https://registry.npmjs.org/promisepipe set size:undefined disposed:false
272 silly fetch manifest etag@1.8.1
273 silly packumentCache full:https://registry.npmjs.org/etag cache-miss
274 http fetch GET 200 https://registry.npmjs.org/stream-to-promise 42ms (cache miss)
275 silly packumentCache full:https://registry.npmjs.org/stream-to-promise set size:undefined disposed:false
276 silly fetch manifest undici@5.28.4
277 silly packumentCache full:https://registry.npmjs.org/undici cache-miss
278 http cache https://registry.npmjs.org/undici 2ms (cache hit)
279 silly packumentCache full:https://registry.npmjs.org/undici set size:1251469 disposed:false
280 silly fetch manifest ts-node@10.9.1
281 silly packumentCache full:https://registry.npmjs.org/ts-node cache-miss
282 http fetch GET 200 https://registry.npmjs.org/ts-node 133ms (cache miss)
283 silly packumentCache full:https://registry.npmjs.org/ts-node set size:undefined disposed:false
284 silly fetch manifest mime-types@2.1.35
285 silly packumentCache full:https://registry.npmjs.org/mime-types cache-miss
286 http fetch GET 200 https://registry.npmjs.org/uid-promise 376ms (cache miss)
287 silly packumentCache full:https://registry.npmjs.org/uid-promise set size:undefined disposed:false
288 silly fetch manifest node-fetch@2.6.9
289 silly packumentCache full:https://registry.npmjs.org/node-fetch cache-miss
290 http fetch GET 200 https://registry.npmjs.org/mime-types 44ms (cache miss)
291 silly packumentCache full:https://registry.npmjs.org/mime-types set size:undefined disposed:false
292 silly fetch manifest typescript@4.9.5
293 silly packumentCache full:https://registry.npmjs.org/typescript cache-miss
294 http fetch GET 200 https://registry.npmjs.org/node-fetch 477ms (cache miss)
295 silly packumentCache full:https://registry.npmjs.org/node-fetch set size:undefined disposed:false
296 silly fetch manifest @types/node@20.11.0
297 silly packumentCache full:https://registry.npmjs.org/@types%2fnode cache-miss
298 http fetch GET 200 https://registry.npmjs.org/node-fetch 89ms (cache miss)
299 silly packumentCache full:https://registry.npmjs.org/node-fetch set size:undefined disposed:false
300 silly fetch manifest typescript5@npm:typescript@5.9.3
301 silly packumentCache full:https://registry.npmjs.org/typescript cache-miss
302 http fetch GET 200 https://registry.npmjs.org/async-listen 494ms (cache miss)
303 silly packumentCache full:https://registry.npmjs.org/async-listen set size:undefined disposed:false
304 silly fetch manifest async-listen@3.0.0
305 silly packumentCache full:https://registry.npmjs.org/async-listen cache-miss
306 http fetch GET 200 https://registry.npmjs.org/generic-pool 488ms (cache miss)
307 silly packumentCache full:https://registry.npmjs.org/generic-pool set size:undefined disposed:false
308 silly fetch manifest edge-runtime@2.5.9
309 silly packumentCache full:https://registry.npmjs.org/edge-runtime cache-miss
310 http cache https://registry.npmjs.org/async-listen 2ms (cache hit)
311 silly packumentCache full:https://registry.npmjs.org/async-listen set size:27933 disposed:false
312 silly fetch manifest path-to-regexp@6.1.0
313 silly packumentCache full:https://registry.npmjs.org/path-to-regexp cache-hit
314 silly fetch manifest es-module-lexer@1.4.1
315 silly packumentCache full:https://registry.npmjs.org/es-module-lexer cache-miss
316 http fetch GET 200 https://registry.npmjs.org/etag 311ms (cache miss)
317 silly packumentCache full:https://registry.npmjs.org/etag set size:undefined disposed:false
318 silly fetch manifest @edge-runtime/vm@3.2.0
319 silly packumentCache full:https://registry.npmjs.org/@edge-runtime%2fvm cache-miss
320 http fetch GET 200 https://registry.npmjs.org/edge-runtime 94ms (cache miss)
321 silly packumentCache full:https://registry.npmjs.org/edge-runtime set size:undefined disposed:false
322 silly fetch manifest cjs-module-lexer@1.2.3
323 silly packumentCache full:https://registry.npmjs.org/cjs-module-lexer cache-miss
324 http fetch GET 200 https://registry.npmjs.org/@edge-runtime%2fvm 108ms (cache miss)
325 silly packumentCache full:https://registry.npmjs.org/@edge-runtime%2fvm set size:undefined disposed:false
326 silly fetch manifest @vercel/error-utils@2.0.3
327 silly packumentCache full:https://registry.npmjs.org/@vercel%2ferror-utils cache-miss
328 http fetch GET 200 https://registry.npmjs.org/@tootallnate%2fonce 537ms (cache miss)
329 silly packumentCache full:https://registry.npmjs.org/@tootallnate%2fonce set size:undefined disposed:false
330 silly fetch manifest path-to-regexp-updated@npm:path-to-regexp@6.3.0
331 silly packumentCache full:https://registry.npmjs.org/path-to-regexp cache-hit
332 silly fetch manifest @edge-runtime/node-utils@2.3.0
333 silly packumentCache full:https://registry.npmjs.org/@edge-runtime%2fnode-utils cache-miss
334 http fetch GET 200 https://registry.npmjs.org/@vercel%2ferror-utils 175ms (cache miss)
335 silly packumentCache full:https://registry.npmjs.org/@vercel%2ferror-utils set size:undefined disposed:false
336 silly fetch manifest @edge-runtime/primitives@4.1.0
337 silly packumentCache full:https://registry.npmjs.org/@edge-runtime%2fprimitives cache-miss
338 http fetch GET 200 https://registry.npmjs.org/es-module-lexer 304ms (cache miss)
339 silly packumentCache full:https://registry.npmjs.org/es-module-lexer set size:undefined disposed:false
340 silly fetch manifest semver@6.3.1
341 silly packumentCache full:https://registry.npmjs.org/semver cache-miss
342 http cache https://registry.npmjs.org/semver 3ms (cache hit)
343 silly packumentCache full:https://registry.npmjs.org/semver set size:226907 disposed:false
344 silly fetch manifest execa@5
345 silly packumentCache full:https://registry.npmjs.org/execa cache-miss
346 http fetch GET 200 https://registry.npmjs.org/execa 170ms (cache miss)
347 silly packumentCache full:https://registry.npmjs.org/execa set size:undefined disposed:false
348 silly fetch manifest @iarna/toml@^2.2.5
349 silly packumentCache full:https://registry.npmjs.org/@iarna%2ftoml cache-miss
350 http fetch GET 200 https://registry.npmjs.org/@types%2fnode 779ms (cache miss)
351 silly packumentCache full:https://registry.npmjs.org/@types%2fnode set size:undefined disposed:false
352 silly fetch manifest @vercel/gatsby-plugin-vercel-builder@2.0.127
353 silly packumentCache full:https://registry.npmjs.org/@vercel%2fgatsby-plugin-vercel-builder cache-miss
354 http fetch GET 200 https://registry.npmjs.org/cjs-module-lexer 691ms (cache miss)
355 silly packumentCache full:https://registry.npmjs.org/cjs-module-lexer set size:undefined disposed:false
356 silly fetch manifest @vercel/gatsby-plugin-vercel-analytics@1.0.11
357 silly packumentCache full:https://registry.npmjs.org/@vercel%2fgatsby-plugin-vercel-analytics cache-miss
358 http fetch GET 200 https://registry.npmjs.org/@edge-runtime%2fnode-utils 586ms (cache miss)
359 silly packumentCache full:https://registry.npmjs.org/@edge-runtime%2fnode-utils set size:undefined disposed:false
360 silly fetch manifest readdirp@^4.0.1
361 silly packumentCache full:https://registry.npmjs.org/readdirp cache-miss
362 http fetch GET 200 https://registry.npmjs.org/@edge-runtime%2fprimitives 502ms (cache miss)
363 silly packumentCache full:https://registry.npmjs.org/@edge-runtime%2fprimitives set size:undefined disposed:false
364 silly fetch manifest @esbuild/aix-ppc64@0.27.0
365 silly packumentCache full:https://registry.npmjs.org/@esbuild%2faix-ppc64 cache-miss
366 http fetch GET 200 https://registry.npmjs.org/@iarna%2ftoml 315ms (cache miss)
367 silly packumentCache full:https://registry.npmjs.org/@iarna%2ftoml set size:undefined disposed:false
368 silly fetch manifest @esbuild/linux-arm@0.27.0
369 silly packumentCache full:https://registry.npmjs.org/@esbuild%2flinux-arm cache-miss
370 http fetch GET 200 https://registry.npmjs.org/readdirp 135ms (cache miss)
371 silly packumentCache full:https://registry.npmjs.org/readdirp set size:undefined disposed:false
372 silly fetch manifest @esbuild/linux-x64@0.27.0
373 silly packumentCache full:https://registry.npmjs.org/@esbuild%2flinux-x64 cache-miss
374 http fetch GET 200 https://registry.npmjs.org/@esbuild%2faix-ppc64 137ms (cache miss)
375 silly packumentCache full:https://registry.npmjs.org/@esbuild%2faix-ppc64 set size:undefined disposed:false
376 silly fetch manifest @esbuild/sunos-x64@0.27.0
377 silly packumentCache full:https://registry.npmjs.org/@esbuild%2fsunos-x64 cache-miss
378 http fetch GET 200 https://registry.npmjs.org/@vercel%2fgatsby-plugin-vercel-builder 181ms (cache miss)
379 silly packumentCache full:https://registry.npmjs.org/@vercel%2fgatsby-plugin-vercel-builder set size:undefined disposed:false
380 silly fetch manifest @esbuild/win32-x64@0.27.0
381 silly packumentCache full:https://registry.npmjs.org/@esbuild%2fwin32-x64 cache-miss
382 http fetch GET 200 https://registry.npmjs.org/typescript 1026ms (cache miss)
383 silly packumentCache full:https://registry.npmjs.org/typescript set size:undefined disposed:false
384 silly fetch manifest @esbuild/darwin-x64@0.27.0
385 silly packumentCache full:https://registry.npmjs.org/@esbuild%2fdarwin-x64 cache-miss
386 http fetch GET 200 https://registry.npmjs.org/@esbuild%2fsunos-x64 107ms (cache miss)
387 silly packumentCache full:https://registry.npmjs.org/@esbuild%2fsunos-x64 set size:undefined disposed:false
388 silly fetch manifest @esbuild/linux-ia32@0.27.0
389 silly packumentCache full:https://registry.npmjs.org/@esbuild%2flinux-ia32 cache-miss
390 http fetch GET 200 https://registry.npmjs.org/@esbuild%2flinux-arm 253ms (cache miss)
391 silly packumentCache full:https://registry.npmjs.org/@esbuild%2flinux-arm set size:undefined disposed:false
392 silly fetch manifest @esbuild/netbsd-x64@0.27.0
393 silly packumentCache full:https://registry.npmjs.org/@esbuild%2fnetbsd-x64 cache-miss
394 http fetch GET 200 https://registry.npmjs.org/@esbuild%2fwin32-x64 91ms (cache miss)
395 silly packumentCache full:https://registry.npmjs.org/@esbuild%2fwin32-x64 set size:undefined disposed:false
396 silly fetch manifest @esbuild/win32-ia32@0.27.0
397 silly packumentCache full:https://registry.npmjs.org/@esbuild%2fwin32-ia32 cache-miss
398 http fetch GET 200 https://registry.npmjs.org/@esbuild%2fdarwin-x64 59ms (cache miss)
399 silly packumentCache full:https://registry.npmjs.org/@esbuild%2fdarwin-x64 set size:undefined disposed:false
400 silly fetch manifest @esbuild/android-arm@0.27.0
401 silly packumentCache full:https://registry.npmjs.org/@esbuild%2fandroid-arm cache-miss
402 http fetch GET 200 https://registry.npmjs.org/@esbuild%2flinux-ia32 67ms (cache miss)
403 silly packumentCache full:https://registry.npmjs.org/@esbuild%2flinux-ia32 set size:undefined disposed:false
404 silly fetch manifest @esbuild/android-x64@0.27.0
405 silly packumentCache full:https://registry.npmjs.org/@esbuild%2fandroid-x64 cache-miss
406 http fetch GET 200 https://registry.npmjs.org/@esbuild%2fnetbsd-x64 59ms (cache miss)
407 silly packumentCache full:https://registry.npmjs.org/@esbuild%2fnetbsd-x64 set size:undefined disposed:false
408 silly fetch manifest @esbuild/freebsd-x64@0.27.0
409 silly packumentCache full:https://registry.npmjs.org/@esbuild%2ffreebsd-x64 cache-miss
410 http fetch GET 200 https://registry.npmjs.org/@esbuild%2fwin32-ia32 64ms (cache miss)
411 silly packumentCache full:https://registry.npmjs.org/@esbuild%2fwin32-ia32 set size:undefined disposed:false
412 silly fetch manifest @esbuild/linux-arm64@0.27.0
413 silly packumentCache full:https://registry.npmjs.org/@esbuild%2flinux-arm64 cache-miss
414 http fetch GET 200 https://registry.npmjs.org/@esbuild%2fandroid-arm 59ms (cache miss)
415 silly packumentCache full:https://registry.npmjs.org/@esbuild%2fandroid-arm set size:undefined disposed:false
416 silly fetch manifest @esbuild/linux-ppc64@0.27.0
417 silly packumentCache full:https://registry.npmjs.org/@esbuild%2flinux-ppc64 cache-miss
418 http fetch GET 200 https://registry.npmjs.org/@vercel%2fgatsby-plugin-vercel-analytics 376ms (cache miss)
419 silly packumentCache full:https://registry.npmjs.org/@vercel%2fgatsby-plugin-vercel-analytics set size:undefined disposed:false
420 silly fetch manifest @esbuild/linux-s390x@0.27.0
421 silly packumentCache full:https://registry.npmjs.org/@esbuild%2flinux-s390x cache-miss
422 http fetch GET 200 https://registry.npmjs.org/@esbuild%2flinux-x64 233ms (cache miss)
423 silly packumentCache full:https://registry.npmjs.org/@esbuild%2flinux-x64 set size:undefined disposed:false
424 silly fetch manifest @esbuild/openbsd-x64@0.27.0
425 silly packumentCache full:https://registry.npmjs.org/@esbuild%2fopenbsd-x64 cache-miss
426 http fetch GET 200 https://registry.npmjs.org/@esbuild%2ffreebsd-x64 68ms (cache miss)
427 silly packumentCache full:https://registry.npmjs.org/@esbuild%2ffreebsd-x64 set size:undefined disposed:false
428 silly fetch manifest @esbuild/win32-arm64@0.27.0
429 silly packumentCache full:https://registry.npmjs.org/@esbuild%2fwin32-arm64 cache-miss
430 http fetch GET 200 https://registry.npmjs.org/@esbuild%2fandroid-x64 81ms (cache miss)
431 silly packumentCache full:https://registry.npmjs.org/@esbuild%2fandroid-x64 set size:undefined disposed:false
432 silly fetch manifest @esbuild/darwin-arm64@0.27.0
433 silly packumentCache full:https://registry.npmjs.org/@esbuild%2fdarwin-arm64 cache-miss
434 http fetch GET 200 https://registry.npmjs.org/@esbuild%2flinux-arm64 76ms (cache miss)
435 silly packumentCache full:https://registry.npmjs.org/@esbuild%2flinux-arm64 set size:undefined disposed:false
436 silly fetch manifest @esbuild/netbsd-arm64@0.27.0
437 silly packumentCache full:https://registry.npmjs.org/@esbuild%2fnetbsd-arm64 cache-miss
438 http fetch GET 200 https://registry.npmjs.org/@esbuild%2flinux-ppc64 53ms (cache miss)
439 silly packumentCache full:https://registry.npmjs.org/@esbuild%2flinux-ppc64 set size:undefined disposed:false
440 silly fetch manifest @esbuild/android-arm64@0.27.0
441 silly packumentCache full:https://registry.npmjs.org/@esbuild%2fandroid-arm64 cache-miss
442 http fetch GET 200 https://registry.npmjs.org/@esbuild%2fopenbsd-x64 56ms (cache miss)
443 silly packumentCache full:https://registry.npmjs.org/@esbuild%2fopenbsd-x64 set size:undefined disposed:false
444 silly fetch manifest @esbuild/freebsd-arm64@0.27.0
445 silly packumentCache full:https://registry.npmjs.org/@esbuild%2ffreebsd-arm64 cache-miss
446 http fetch GET 200 https://registry.npmjs.org/@esbuild%2fnetbsd-arm64 67ms (cache miss)
447 silly packumentCache full:https://registry.npmjs.org/@esbuild%2fnetbsd-arm64 set size:undefined disposed:false
448 silly fetch manifest @esbuild/linux-loong64@0.27.0
449 silly packumentCache full:https://registry.npmjs.org/@esbuild%2flinux-loong64 cache-miss
450 http fetch GET 200 https://registry.npmjs.org/@esbuild%2fandroid-arm64 74ms (cache miss)
451 silly packumentCache full:https://registry.npmjs.org/@esbuild%2fandroid-arm64 set size:undefined disposed:false
452 silly fetch manifest @esbuild/linux-riscv64@0.27.0
453 silly packumentCache full:https://registry.npmjs.org/@esbuild%2flinux-riscv64 cache-miss
454 http fetch GET 200 https://registry.npmjs.org/@esbuild%2ffreebsd-arm64 64ms (cache miss)
455 silly packumentCache full:https://registry.npmjs.org/@esbuild%2ffreebsd-arm64 set size:undefined disposed:false
456 silly fetch manifest @esbuild/openbsd-arm64@0.27.0
457 silly packumentCache full:https://registry.npmjs.org/@esbuild%2fopenbsd-arm64 cache-miss
458 http fetch GET 200 https://registry.npmjs.org/@esbuild%2fopenbsd-arm64 72ms (cache miss)
459 silly packumentCache full:https://registry.npmjs.org/@esbuild%2fopenbsd-arm64 set size:undefined disposed:false
460 silly fetch manifest @esbuild/linux-mips64el@0.27.0
461 silly packumentCache full:https://registry.npmjs.org/@esbuild%2flinux-mips64el cache-miss
462 http fetch GET 200 https://registry.npmjs.org/@esbuild%2flinux-riscv64 79ms (cache miss)
463 silly packumentCache full:https://registry.npmjs.org/@esbuild%2flinux-riscv64 set size:undefined disposed:false
464 silly fetch manifest @esbuild/openharmony-arm64@0.27.0
465 silly packumentCache full:https://registry.npmjs.org/@esbuild%2fopenharmony-arm64 cache-miss
466 http fetch GET 200 https://registry.npmjs.org/@esbuild%2flinux-s390x 205ms (cache miss)
467 silly packumentCache full:https://registry.npmjs.org/@esbuild%2flinux-s390x set size:undefined disposed:false
468 silly fetch manifest asynckit@^0.4.0
469 silly packumentCache full:https://registry.npmjs.org/asynckit cache-miss
470 http fetch GET 200 https://registry.npmjs.org/@esbuild%2flinux-loong64 122ms (cache miss)
471 silly packumentCache full:https://registry.npmjs.org/@esbuild%2flinux-loong64 set size:undefined disposed:false
472 silly fetch manifest combined-stream@^1.0.8
473 silly packumentCache full:https://registry.npmjs.org/combined-stream cache-miss
474 http fetch GET 200 https://registry.npmjs.org/@esbuild%2fdarwin-arm64 209ms (cache miss)
475 silly packumentCache full:https://registry.npmjs.org/@esbuild%2fdarwin-arm64 set size:undefined disposed:false
476 silly fetch manifest es-set-tostringtag@^2.1.0
477 silly packumentCache full:https://registry.npmjs.org/es-set-tostringtag cache-miss
478 http fetch GET 200 https://registry.npmjs.org/asynckit 52ms (cache miss)
479 silly packumentCache full:https://registry.npmjs.org/asynckit set size:undefined disposed:false
480 silly fetch manifest hasown@^2.0.2
481 silly packumentCache full:https://registry.npmjs.org/hasown cache-miss
482 http fetch GET 200 https://registry.npmjs.org/@esbuild%2fwin32-arm64 240ms (cache miss)
483 silly packumentCache full:https://registry.npmjs.org/@esbuild%2fwin32-arm64 set size:undefined disposed:false
484 silly fetch manifest mime-types@^2.1.12
485 silly packumentCache full:https://registry.npmjs.org/mime-types cache-miss
486 http cache https://registry.npmjs.org/mime-types 2ms (cache hit)
487 silly packumentCache full:https://registry.npmjs.org/mime-types set size:139110 disposed:false
488 http fetch GET 200 https://registry.npmjs.org/combined-stream 46ms (cache miss)
489 silly packumentCache full:https://registry.npmjs.org/combined-stream set size:undefined disposed:false
490 http fetch GET 200 https://registry.npmjs.org/@esbuild%2fopenharmony-arm64 74ms (cache miss)
491 silly packumentCache full:https://registry.npmjs.org/@esbuild%2fopenharmony-arm64 set size:undefined disposed:false
492 http fetch GET 200 https://registry.npmjs.org/@esbuild%2flinux-mips64el 87ms (cache miss)
493 silly packumentCache full:https://registry.npmjs.org/@esbuild%2flinux-mips64el set size:undefined disposed:false
494 http fetch GET 200 https://registry.npmjs.org/hasown 39ms (cache miss)
495 silly packumentCache full:https://registry.npmjs.org/hasown set size:undefined disposed:false
496 http fetch GET 200 https://registry.npmjs.org/typescript 1566ms (cache miss)
497 silly packumentCache full:https://registry.npmjs.org/typescript set size:undefined disposed:false
498 http fetch GET 200 https://registry.npmjs.org/es-set-tostringtag 177ms (cache miss)
499 silly packumentCache full:https://registry.npmjs.org/es-set-tostringtag set size:undefined disposed:false
500 silly fetch manifest typescript@^4.0.0 || ^5.0.0
501 silly packumentCache full:https://registry.npmjs.org/typescript cache-miss
502 http cache https://registry.npmjs.org/typescript 13ms (cache hit)
503 silly packumentCache full:https://registry.npmjs.org/typescript set size:15186002 disposed:false
504 silly placeDep ROOT @vercel/cervel@0.0.11 OK for: @vercel/backends@0.0.24 want: 0.0.11
505 silly placeDep ROOT typescript@5.9.3 OK for: @vercel/cervel@0.0.11 want: ^4.0.0 || ^5.0.0
506 silly placeDep ROOT @vercel/introspection@0.0.10 OK for: @vercel/backends@0.0.24 want: 0.0.10
507 silly placeDep ROOT fs-extra@11.1.0 OK for: @vercel/backends@0.0.24 want: 11.1.0
508 silly fetch manifest nf3@0.3.6
509 silly packumentCache full:https://registry.npmjs.org/nf3 cache-miss
510 silly fetch manifest tsx@4.21.0
511 silly packumentCache full:https://registry.npmjs.org/tsx cache-miss
512 silly fetch manifest srvx@0.8.9
513 silly packumentCache full:https://registry.npmjs.org/srvx cache-miss
514 silly fetch manifest execa@3.2.0
515 silly packumentCache full:https://registry.npmjs.org/execa cache-miss
516 silly fetch manifest rolldown@1.0.0-rc.1
517 silly packumentCache full:https://registry.npmjs.org/rolldown cache-miss
518 silly fetch manifest @vercel/nft@1.3.0
519 silly packumentCache full:https://registry.npmjs.org/@vercel%2fnft cache-miss
520 silly fetch manifest oxc-transform@0.111.0
521 silly packumentCache full:https://registry.npmjs.org/oxc-transform cache-miss
522 http cache https://registry.npmjs.org/execa 4ms (cache hit)
523 silly packumentCache full:https://registry.npmjs.org/execa set size:181234 disposed:false
524 silly fetch manifest resolve.exports@2.0.3
525 silly packumentCache full:https://registry.npmjs.org/resolve.exports cache-miss
526 http cache https://registry.npmjs.org/@vercel%2fnft 7ms (cache hit)
527 silly packumentCache full:https://registry.npmjs.org/@vercel%2fnft set size:557717 disposed:false
528 silly fetch manifest jsonfile@^6.0.1
529 silly packumentCache full:https://registry.npmjs.org/jsonfile cache-miss
530 http fetch GET 200 https://registry.npmjs.org/tsx 41ms (cache miss)
531 silly packumentCache full:https://registry.npmjs.org/tsx set size:undefined disposed:false
532 silly fetch manifest graceful-fs@^4.2.0
533 silly packumentCache full:https://registry.npmjs.org/graceful-fs cache-miss
534 http fetch GET 200 https://registry.npmjs.org/nf3 44ms (cache miss)
535 silly packumentCache full:https://registry.npmjs.org/nf3 set size:undefined disposed:false
536 silly fetch manifest universalify@^2.0.0
537 silly packumentCache full:https://registry.npmjs.org/universalify cache-miss
538 http fetch GET 200 https://registry.npmjs.org/srvx 59ms (cache miss)
539 silly packumentCache full:https://registry.npmjs.org/srvx set size:undefined disposed:false
540 http fetch GET 200 https://registry.npmjs.org/oxc-transform 64ms (cache miss)
541 silly packumentCache full:https://registry.npmjs.org/oxc-transform set size:undefined disposed:false
542 http fetch GET 200 https://registry.npmjs.org/resolve.exports 63ms (cache miss)
543 silly packumentCache full:https://registry.npmjs.org/resolve.exports set size:undefined disposed:false
544 http fetch GET 200 https://registry.npmjs.org/jsonfile 63ms (cache miss)
545 silly packumentCache full:https://registry.npmjs.org/jsonfile set size:undefined disposed:false
546 http fetch GET 200 https://registry.npmjs.org/rolldown 94ms (cache miss)
547 silly packumentCache full:https://registry.npmjs.org/rolldown set size:undefined disposed:false
548 http fetch GET 200 https://registry.npmjs.org/graceful-fs 78ms (cache miss)
549 silly packumentCache full:https://registry.npmjs.org/graceful-fs set size:undefined disposed:false
550 http fetch GET 200 https://registry.npmjs.org/universalify 76ms (cache miss)
551 silly packumentCache full:https://registry.npmjs.org/universalify set size:undefined disposed:false
552 silly placeDep ROOT async-retry@1.3.3 OK for: @vercel/blob@1.0.2 want: ^1.3.3
553 silly placeDep ROOT is-buffer@2.0.5 OK for: @vercel/blob@1.0.2 want: ^2.0.5
554 silly placeDep ROOT is-node-process@1.2.0 OK for: @vercel/blob@1.0.2 want: ^1.2.0
555 silly placeDep ROOT throttleit@2.1.0 OK for: @vercel/blob@1.0.2 want: ^2.1.0
556 silly placeDep ROOT undici@5.29.0 OK for: @vercel/blob@1.0.2 want: ^5.28.4
557 silly fetch manifest retry@0.13.1
558 silly packumentCache full:https://registry.npmjs.org/retry cache-miss
559 silly fetch manifest @fastify/busboy@^2.0.0
560 silly packumentCache full:https://registry.npmjs.org/@fastify%2fbusboy cache-miss
561 http fetch GET 200 https://registry.npmjs.org/retry 35ms (cache miss)
562 silly packumentCache full:https://registry.npmjs.org/retry set size:undefined disposed:false
563 http fetch GET 200 https://registry.npmjs.org/@fastify%2fbusboy 399ms (cache miss)
564 silly packumentCache full:https://registry.npmjs.org/@fastify%2fbusboy set size:undefined disposed:false
565 silly placeDep ROOT @vercel/nft@1.3.0 OK for: @vercel/cervel@0.0.11 want: 1.3.0
566 silly placeDep ROOT execa@3.2.0 OK for: @vercel/cervel@0.0.11 want: 3.2.0
567 silly placeDep ROOT nf3@0.3.6 OK for: @vercel/cervel@0.0.11 want: 0.3.6
568 silly placeDep ROOT oxc-transform@0.111.0 OK for: @vercel/cervel@0.0.11 want: 0.111.0
569 silly placeDep ROOT resolve.exports@2.0.3 OK for: @vercel/cervel@0.0.11 want: 2.0.3
570 silly placeDep ROOT rolldown@1.0.0-rc.1 OK for: @vercel/cervel@0.0.11 want: 1.0.0-rc.1
571 silly placeDep ROOT srvx@0.8.9 OK for: @vercel/cervel@0.0.11 want: 0.8.9
572 silly placeDep ROOT tsx@4.21.0 OK for: @vercel/cervel@0.0.11 want: 4.21.0
573 silly fetch manifest glob@^13.0.0
574 silly packumentCache full:https://registry.npmjs.org/glob cache-miss
575 silly fetch manifest acorn@^8.6.0
576 silly packumentCache full:https://registry.npmjs.org/acorn cache-miss
577 silly fetch manifest bindings@^1.4.0
578 silly packumentCache full:https://registry.npmjs.org/bindings cache-miss
579 silly fetch manifest picomatch@^4.0.2
580 silly packumentCache full:https://registry.npmjs.org/picomatch cache-miss
581 silly fetch manifest async-sema@^3.1.1
582 silly packumentCache full:https://registry.npmjs.org/async-sema cache-miss
583 silly fetch manifest graceful-fs@^4.2.9
584 silly packumentCache full:https://registry.npmjs.org/graceful-fs cache-miss
585 silly fetch manifest resolve-from@^5.0.0
586 silly packumentCache full:https://registry.npmjs.org/resolve-from cache-miss
587 http cache https://registry.npmjs.org/graceful-fs 2ms (cache hit)
588 silly packumentCache full:https://registry.npmjs.org/graceful-fs set size:124285 disposed:false
589 silly fetch manifest estree-walker@2.0.2
590 silly packumentCache full:https://registry.npmjs.org/estree-walker cache-miss
591 http fetch GET 200 https://registry.npmjs.org/resolve-from 46ms (cache miss)
592 silly packumentCache full:https://registry.npmjs.org/resolve-from set size:undefined disposed:false
593 silly fetch manifest node-gyp-build@^4.2.2
594 silly packumentCache full:https://registry.npmjs.org/node-gyp-build cache-miss
595 http fetch GET 200 https://registry.npmjs.org/glob 50ms (cache miss)
596 silly packumentCache full:https://registry.npmjs.org/glob set size:undefined disposed:false
597 silly fetch manifest @rollup/pluginutils@^5.1.3
598 silly packumentCache full:https://registry.npmjs.org/@rollup%2fpluginutils cache-miss
599 http fetch GET 200 https://registry.npmjs.org/async-sema 56ms (cache miss)
600 silly packumentCache full:https://registry.npmjs.org/async-sema set size:undefined disposed:false
601 silly fetch manifest @mapbox/node-pre-gyp@^2.0.0
602 silly packumentCache full:https://registry.npmjs.org/@mapbox%2fnode-pre-gyp cache-miss
603 http fetch GET 200 https://registry.npmjs.org/picomatch 57ms (cache miss)
604 silly packumentCache full:https://registry.npmjs.org/picomatch set size:undefined disposed:false
605 silly fetch manifest acorn-import-attributes@^1.9.5
606 silly packumentCache full:https://registry.npmjs.org/acorn-import-attributes cache-miss
607 http fetch GET 200 https://registry.npmjs.org/acorn 66ms (cache miss)
608 silly packumentCache full:https://registry.npmjs.org/acorn set size:undefined disposed:false
609 silly fetch manifest onetime@^5.1.0
610 silly packumentCache full:https://registry.npmjs.org/onetime cache-miss
611 http fetch GET 200 https://registry.npmjs.org/bindings 66ms (cache miss)
612 silly packumentCache full:https://registry.npmjs.org/bindings set size:undefined disposed:false
613 silly fetch manifest is-stream@^2.0.0
614 silly packumentCache full:https://registry.npmjs.org/is-stream cache-miss
615 http fetch GET 200 https://registry.npmjs.org/estree-walker 64ms (cache miss)
616 silly packumentCache full:https://registry.npmjs.org/estree-walker set size:undefined disposed:false
617 silly fetch manifest p-finally@^2.0.0
618 silly packumentCache full:https://registry.npmjs.org/p-finally cache-miss
619 http fetch GET 200 https://registry.npmjs.org/acorn-import-attributes 42ms (cache miss)
620 silly packumentCache full:https://registry.npmjs.org/acorn-import-attributes set size:undefined disposed:false
621 silly fetch manifest get-stream@^5.0.0
622 silly packumentCache full:https://registry.npmjs.org/get-stream cache-miss
623 http fetch GET 200 https://registry.npmjs.org/node-gyp-build 53ms (cache miss)
624 silly packumentCache full:https://registry.npmjs.org/node-gyp-build set size:undefined disposed:false
625 silly fetch manifest cross-spawn@^7.0.0
626 silly packumentCache full:https://registry.npmjs.org/cross-spawn cache-miss
627 http fetch GET 200 https://registry.npmjs.org/onetime 39ms (cache miss)
628 silly packumentCache full:https://registry.npmjs.org/onetime set size:undefined disposed:false
629 silly fetch manifest signal-exit@^3.0.2
630 silly packumentCache full:https://registry.npmjs.org/signal-exit cache-miss
631 http fetch GET 200 https://registry.npmjs.org/is-stream 41ms (cache miss)
632 silly packumentCache full:https://registry.npmjs.org/is-stream set size:undefined disposed:false
633 silly fetch manifest merge-stream@^2.0.0
634 silly packumentCache full:https://registry.npmjs.org/merge-stream cache-miss
635 http fetch GET 200 https://registry.npmjs.org/@rollup%2fpluginutils 69ms (cache miss)
636 silly packumentCache full:https://registry.npmjs.org/@rollup%2fpluginutils set size:undefined disposed:false
637 silly fetch manifest npm-run-path@^4.0.0
638 silly packumentCache full:https://registry.npmjs.org/npm-run-path cache-miss
639 http fetch GET 200 https://registry.npmjs.org/p-finally 56ms (cache miss)
640 silly packumentCache full:https://registry.npmjs.org/p-finally set size:undefined disposed:false
641 silly fetch manifest human-signals@^1.1.1
642 silly packumentCache full:https://registry.npmjs.org/human-signals cache-miss
643 http fetch GET 200 https://registry.npmjs.org/@mapbox%2fnode-pre-gyp 68ms (cache miss)
644 silly packumentCache full:https://registry.npmjs.org/@mapbox%2fnode-pre-gyp set size:undefined disposed:false
645 silly fetch manifest strip-final-newline@^2.0.0
646 silly packumentCache full:https://registry.npmjs.org/strip-final-newline cache-miss
647 http fetch GET 200 https://registry.npmjs.org/get-stream 44ms (cache miss)
648 silly packumentCache full:https://registry.npmjs.org/get-stream set size:undefined disposed:false
649 silly fetch manifest @oxc-transform/binding-darwin-arm64@0.111.0
650 silly packumentCache full:https://registry.npmjs.org/@oxc-transform%2fbinding-darwin-arm64 cache-miss
651 http fetch GET 200 https://registry.npmjs.org/cross-spawn 45ms (cache miss)
652 silly packumentCache full:https://registry.npmjs.org/cross-spawn set size:undefined disposed:false
653 silly fetch manifest @oxc-transform/binding-android-arm64@0.111.0
654 silly packumentCache full:https://registry.npmjs.org/@oxc-transform%2fbinding-android-arm64 cache-miss
655 http fetch GET 200 https://registry.npmjs.org/merge-stream 46ms (cache miss)
656 silly packumentCache full:https://registry.npmjs.org/merge-stream set size:undefined disposed:false
657 silly fetch manifest @oxc-transform/binding-win32-arm64-msvc@0.111.0
658 silly packumentCache full:https://registry.npmjs.org/@oxc-transform%2fbinding-win32-arm64-msvc cache-miss
659 http fetch GET 200 https://registry.npmjs.org/signal-exit 51ms (cache miss)
660 silly packumentCache full:https://registry.npmjs.org/signal-exit set size:undefined disposed:false
661 silly fetch manifest @oxc-transform/binding-linux-arm64-gnu@0.111.0
662 silly packumentCache full:https://registry.npmjs.org/@oxc-transform%2fbinding-linux-arm64-gnu cache-miss
663 http fetch GET 200 https://registry.npmjs.org/npm-run-path 39ms (cache miss)
664 silly packumentCache full:https://registry.npmjs.org/npm-run-path set size:undefined disposed:false
665 silly fetch manifest @oxc-transform/binding-linux-arm64-musl@0.111.0
666 silly packumentCache full:https://registry.npmjs.org/@oxc-transform%2fbinding-linux-arm64-musl cache-miss
667 http fetch GET 200 https://registry.npmjs.org/strip-final-newline 39ms (cache miss)
668 silly packumentCache full:https://registry.npmjs.org/strip-final-newline set size:undefined disposed:false
669 silly fetch manifest @oxc-transform/binding-openharmony-arm64@0.111.0
670 silly packumentCache full:https://registry.npmjs.org/@oxc-transform%2fbinding-openharmony-arm64 cache-miss
671 http fetch GET 200 https://registry.npmjs.org/@oxc-transform%2fbinding-linux-arm64-musl 57ms (cache miss)
672 silly packumentCache full:https://registry.npmjs.org/@oxc-transform%2fbinding-linux-arm64-musl set size:undefined disposed:false
673 silly fetch manifest @oxc-transform/binding-android-arm-eabi@0.111.0
674 silly packumentCache full:https://registry.npmjs.org/@oxc-transform%2fbinding-android-arm-eabi cache-miss
675 http fetch GET 200 https://registry.npmjs.org/@oxc-transform%2fbinding-linux-arm64-gnu 68ms (cache miss)
676 silly packumentCache full:https://registry.npmjs.org/@oxc-transform%2fbinding-linux-arm64-gnu set size:undefined disposed:false
677 silly fetch manifest @oxc-transform/binding-linux-arm-gnueabihf@0.111.0
678 silly packumentCache full:https://registry.npmjs.org/@oxc-transform%2fbinding-linux-arm-gnueabihf cache-miss
679 http fetch GET 200 https://registry.npmjs.org/@oxc-transform%2fbinding-darwin-arm64 83ms (cache miss)
680 silly packumentCache full:https://registry.npmjs.org/@oxc-transform%2fbinding-darwin-arm64 set size:undefined disposed:false
681 silly fetch manifest @oxc-transform/binding-linux-arm-musleabihf@0.111.0
682 silly packumentCache full:https://registry.npmjs.org/@oxc-transform%2fbinding-linux-arm-musleabihf cache-miss
683 http fetch GET 200 https://registry.npmjs.org/@oxc-transform%2fbinding-linux-arm-musleabihf 55ms (cache miss)
684 silly packumentCache full:https://registry.npmjs.org/@oxc-transform%2fbinding-linux-arm-musleabihf set size:undefined disposed:false
685 silly fetch manifest @oxc-transform/binding-win32-ia32-msvc@0.111.0
686 silly packumentCache full:https://registry.npmjs.org/@oxc-transform%2fbinding-win32-ia32-msvc cache-miss
687 http fetch GET 200 https://registry.npmjs.org/human-signals 175ms (cache miss)
688 silly packumentCache full:https://registry.npmjs.org/human-signals set size:undefined disposed:false
689 silly fetch manifest @oxc-transform/binding-linux-ppc64-gnu@0.111.0
690 silly packumentCache full:https://registry.npmjs.org/@oxc-transform%2fbinding-linux-ppc64-gnu cache-miss
691 http fetch GET 200 https://registry.npmjs.org/@oxc-transform%2fbinding-android-arm64 281ms (cache miss)
692 silly packumentCache full:https://registry.npmjs.org/@oxc-transform%2fbinding-android-arm64 set size:undefined disposed:false
693 silly fetch manifest @oxc-transform/binding-linux-riscv64-gnu@0.111.0
694 silly packumentCache full:https://registry.npmjs.org/@oxc-transform%2fbinding-linux-riscv64-gnu cache-miss
695 http fetch GET 200 https://registry.npmjs.org/@oxc-transform%2fbinding-openharmony-arm64 277ms (cache miss)
696 silly packumentCache full:https://registry.npmjs.org/@oxc-transform%2fbinding-openharmony-arm64 set size:undefined disposed:false
697 silly fetch manifest @oxc-transform/binding-linux-riscv64-musl@0.111.0
698 silly packumentCache full:https://registry.npmjs.org/@oxc-transform%2fbinding-linux-riscv64-musl cache-miss
699 http fetch GET 200 https://registry.npmjs.org/@oxc-transform%2fbinding-win32-arm64-msvc 341ms (cache miss)
700 silly packumentCache full:https://registry.npmjs.org/@oxc-transform%2fbinding-win32-arm64-msvc set size:undefined disposed:false
701 silly fetch manifest @oxc-transform/binding-linux-s390x-gnu@0.111.0
702 silly packumentCache full:https://registry.npmjs.org/@oxc-transform%2fbinding-linux-s390x-gnu cache-miss
703 http fetch GET 200 https://registry.npmjs.org/@oxc-transform%2fbinding-linux-arm-gnueabihf 280ms (cache miss)
704 silly packumentCache full:https://registry.npmjs.org/@oxc-transform%2fbinding-linux-arm-gnueabihf set size:undefined disposed:false
705 silly fetch manifest @oxc-transform/binding-wasm32-wasi@0.111.0
706 silly packumentCache full:https://registry.npmjs.org/@oxc-transform%2fbinding-wasm32-wasi cache-miss
707 http fetch GET 200 https://registry.npmjs.org/@oxc-transform%2fbinding-android-arm-eabi 331ms (cache miss)
708 silly packumentCache full:https://registry.npmjs.org/@oxc-transform%2fbinding-android-arm-eabi set size:undefined disposed:false
709 silly fetch manifest @oxc-transform/binding-darwin-x64@0.111.0
710 silly packumentCache full:https://registry.npmjs.org/@oxc-transform%2fbinding-darwin-x64 cache-miss
711 http fetch GET 200 https://registry.npmjs.org/@oxc-transform%2fbinding-wasm32-wasi 45ms (cache miss)
712 silly packumentCache full:https://registry.npmjs.org/@oxc-transform%2fbinding-wasm32-wasi set size:undefined disposed:false
713 silly fetch manifest @oxc-transform/binding-win32-x64-msvc@0.111.0
714 silly packumentCache full:https://registry.npmjs.org/@oxc-transform%2fbinding-win32-x64-msvc cache-miss
715 http fetch GET 200 https://registry.npmjs.org/@oxc-transform%2fbinding-win32-ia32-msvc 323ms (cache miss)
716 silly packumentCache full:https://registry.npmjs.org/@oxc-transform%2fbinding-win32-ia32-msvc set size:undefined disposed:false
717 silly fetch manifest @oxc-transform/binding-freebsd-x64@0.111.0
718 silly packumentCache full:https://registry.npmjs.org/@oxc-transform%2fbinding-freebsd-x64 cache-miss
719 http fetch GET 200 https://registry.npmjs.org/@oxc-transform%2fbinding-linux-ppc64-gnu 330ms (cache miss)
720 silly packumentCache full:https://registry.npmjs.org/@oxc-transform%2fbinding-linux-ppc64-gnu set size:undefined disposed:false
721 silly fetch manifest @oxc-transform/binding-linux-x64-gnu@0.111.0
722 silly packumentCache full:https://registry.npmjs.org/@oxc-transform%2fbinding-linux-x64-gnu cache-miss
723 http fetch GET 200 https://registry.npmjs.org/@oxc-transform%2fbinding-linux-riscv64-gnu 295ms (cache miss)
724 silly packumentCache full:https://registry.npmjs.org/@oxc-transform%2fbinding-linux-riscv64-gnu set size:undefined disposed:false
725 silly fetch manifest @oxc-transform/binding-linux-x64-musl@0.111.0
726 silly packumentCache full:https://registry.npmjs.org/@oxc-transform%2fbinding-linux-x64-musl cache-miss
727 http fetch GET 200 https://registry.npmjs.org/@oxc-transform%2fbinding-linux-riscv64-musl 283ms (cache miss)
728 silly packumentCache full:https://registry.npmjs.org/@oxc-transform%2fbinding-linux-riscv64-musl set size:undefined disposed:false
729 silly fetch manifest @oxc-project/types@=0.110.0
730 silly packumentCache full:https://registry.npmjs.org/@oxc-project%2ftypes cache-miss
731 http fetch GET 200 https://registry.npmjs.org/@oxc-transform%2fbinding-linux-s390x-gnu 287ms (cache miss)
732 silly packumentCache full:https://registry.npmjs.org/@oxc-transform%2fbinding-linux-s390x-gnu set size:undefined disposed:false
733 silly fetch manifest @rolldown/pluginutils@1.0.0-rc.1
734 silly packumentCache full:https://registry.npmjs.org/@rolldown%2fpluginutils cache-miss
735 http fetch GET 200 https://registry.npmjs.org/@oxc-transform%2fbinding-linux-x64-musl 69ms (cache miss)
736 silly packumentCache full:https://registry.npmjs.org/@oxc-transform%2fbinding-linux-x64-musl set size:undefined disposed:false
737 silly fetch manifest @rolldown/binding-darwin-x64@1.0.0-rc.1
738 silly packumentCache full:https://registry.npmjs.org/@rolldown%2fbinding-darwin-x64 cache-miss
739 http fetch GET 200 https://registry.npmjs.org/@rolldown%2fpluginutils 53ms (cache miss)
740 silly packumentCache full:https://registry.npmjs.org/@rolldown%2fpluginutils set size:undefined disposed:false
741 silly fetch manifest @rolldown/binding-freebsd-x64@1.0.0-rc.1
742 silly packumentCache full:https://registry.npmjs.org/@rolldown%2fbinding-freebsd-x64 cache-miss
743 http fetch GET 200 https://registry.npmjs.org/@rolldown%2fbinding-darwin-x64 86ms (cache miss)
744 silly packumentCache full:https://registry.npmjs.org/@rolldown%2fbinding-darwin-x64 set size:undefined disposed:false
745 silly fetch manifest @rolldown/binding-wasm32-wasi@1.0.0-rc.1
746 silly packumentCache full:https://registry.npmjs.org/@rolldown%2fbinding-wasm32-wasi cache-miss
747 http fetch GET 200 https://registry.npmjs.org/@oxc-transform%2fbinding-darwin-x64 339ms (cache miss)
748 silly packumentCache full:https://registry.npmjs.org/@oxc-transform%2fbinding-darwin-x64 set size:undefined disposed:false
749 silly fetch manifest @rolldown/binding-darwin-arm64@1.0.0-rc.1
750 silly packumentCache full:https://registry.npmjs.org/@rolldown%2fbinding-darwin-arm64 cache-miss
751 http fetch GET 200 https://registry.npmjs.org/@oxc-transform%2fbinding-freebsd-x64 289ms (cache miss)
752 silly packumentCache full:https://registry.npmjs.org/@oxc-transform%2fbinding-freebsd-x64 set size:undefined disposed:false
753 silly fetch manifest @rolldown/binding-android-arm64@1.0.0-rc.1
754 silly packumentCache full:https://registry.npmjs.org/@rolldown%2fbinding-android-arm64 cache-miss
755 http fetch GET 200 https://registry.npmjs.org/@oxc-transform%2fbinding-linux-x64-gnu 328ms (cache miss)
756 silly packumentCache full:https://registry.npmjs.org/@oxc-transform%2fbinding-linux-x64-gnu set size:undefined disposed:false
757 silly fetch manifest @rolldown/binding-linux-x64-gnu@1.0.0-rc.1
758 silly packumentCache full:https://registry.npmjs.org/@rolldown%2fbinding-linux-x64-gnu cache-miss
759 http fetch GET 200 https://registry.npmjs.org/@oxc-project%2ftypes 295ms (cache miss)
760 silly packumentCache full:https://registry.npmjs.org/@oxc-project%2ftypes set size:undefined disposed:false
761 silly fetch manifest @rolldown/binding-linux-x64-musl@1.0.0-rc.1
762 silly packumentCache full:https://registry.npmjs.org/@rolldown%2fbinding-linux-x64-musl cache-miss
763 http fetch GET 200 https://registry.npmjs.org/@rolldown%2fbinding-linux-x64-gnu 83ms (cache miss)
764 silly packumentCache full:https://registry.npmjs.org/@rolldown%2fbinding-linux-x64-gnu set size:undefined disposed:false
765 silly fetch manifest @rolldown/binding-win32-x64-msvc@1.0.0-rc.1
766 silly packumentCache full:https://registry.npmjs.org/@rolldown%2fbinding-win32-x64-msvc cache-miss
767 http fetch GET 200 https://registry.npmjs.org/@oxc-transform%2fbinding-win32-x64-msvc 565ms (cache miss)
768 silly packumentCache full:https://registry.npmjs.org/@oxc-transform%2fbinding-win32-x64-msvc set size:undefined disposed:false
769 silly fetch manifest @rolldown/binding-linux-arm64-gnu@1.0.0-rc.1
770 silly packumentCache full:https://registry.npmjs.org/@rolldown%2fbinding-linux-arm64-gnu cache-miss
771 http fetch GET 200 https://registry.npmjs.org/@rolldown%2fbinding-wasm32-wasi 300ms (cache miss)
772 silly packumentCache full:https://registry.npmjs.org/@rolldown%2fbinding-wasm32-wasi set size:undefined disposed:false
773 silly fetch manifest @rolldown/binding-linux-arm64-musl@1.0.0-rc.1
774 silly packumentCache full:https://registry.npmjs.org/@rolldown%2fbinding-linux-arm64-musl cache-miss
775 http fetch GET 200 https://registry.npmjs.org/@rolldown%2fbinding-darwin-arm64 315ms (cache miss)
776 silly packumentCache full:https://registry.npmjs.org/@rolldown%2fbinding-darwin-arm64 set size:undefined disposed:false
777 silly fetch manifest @rolldown/binding-win32-arm64-msvc@1.0.0-rc.1
778 silly packumentCache full:https://registry.npmjs.org/@rolldown%2fbinding-win32-arm64-msvc cache-miss
779 http fetch GET 200 https://registry.npmjs.org/@rolldown%2fbinding-android-arm64 327ms (cache miss)
780 silly packumentCache full:https://registry.npmjs.org/@rolldown%2fbinding-android-arm64 set size:undefined disposed:false
781 silly fetch manifest @rolldown/binding-openharmony-arm64@1.0.0-rc.1
782 silly packumentCache full:https://registry.npmjs.org/@rolldown%2fbinding-openharmony-arm64 cache-miss
783 http fetch GET 200 https://registry.npmjs.org/@rolldown%2fbinding-linux-arm64-gnu 235ms (cache miss)
784 silly packumentCache full:https://registry.npmjs.org/@rolldown%2fbinding-linux-arm64-gnu set size:undefined disposed:false
785 silly fetch manifest @rolldown/binding-linux-arm-gnueabihf@1.0.0-rc.1
786 silly packumentCache full:https://registry.npmjs.org/@rolldown%2fbinding-linux-arm-gnueabihf cache-miss
787 http fetch GET 200 https://registry.npmjs.org/@rolldown%2fbinding-linux-x64-musl 342ms (cache miss)
788 silly packumentCache full:https://registry.npmjs.org/@rolldown%2fbinding-linux-x64-musl set size:undefined disposed:false
789 silly fetch manifest cookie-es@^2.0.0
790 silly packumentCache full:https://registry.npmjs.org/cookie-es cache-miss
791 http fetch GET 200 https://registry.npmjs.org/@rolldown%2fbinding-freebsd-x64 550ms (cache miss)
792 silly packumentCache full:https://registry.npmjs.org/@rolldown%2fbinding-freebsd-x64 set size:undefined disposed:false
793 silly fetch manifest get-tsconfig@^4.7.5
794 silly packumentCache full:https://registry.npmjs.org/get-tsconfig cache-miss
795 http fetch GET 200 https://registry.npmjs.org/@rolldown%2fbinding-win32-x64-msvc 349ms (cache miss)
796 silly packumentCache full:https://registry.npmjs.org/@rolldown%2fbinding-win32-x64-msvc set size:undefined disposed:false
797 silly fetch manifest fsevents@~2.3.3
798 silly packumentCache full:https://registry.npmjs.org/fsevents cache-miss
799 http fetch GET 200 https://registry.npmjs.org/get-tsconfig 43ms (cache miss)
800 silly packumentCache full:https://registry.npmjs.org/get-tsconfig set size:undefined disposed:false
801 http fetch GET 200 https://registry.npmjs.org/cookie-es 70ms (cache miss)
802 silly packumentCache full:https://registry.npmjs.org/cookie-es set size:undefined disposed:false
803 http fetch GET 200 https://registry.npmjs.org/fsevents 126ms (cache miss)
804 silly packumentCache full:https://registry.npmjs.org/fsevents set size:undefined disposed:false
805 http fetch GET 200 https://registry.npmjs.org/@rolldown%2fbinding-linux-arm-gnueabihf 165ms (cache miss)
806 silly packumentCache full:https://registry.npmjs.org/@rolldown%2fbinding-linux-arm-gnueabihf set size:undefined disposed:false
807 http fetch GET 200 https://registry.npmjs.org/@rolldown%2fbinding-linux-arm64-musl 420ms (cache miss)
808 silly packumentCache full:https://registry.npmjs.org/@rolldown%2fbinding-linux-arm64-musl set size:undefined disposed:false
809 http fetch GET 200 https://registry.npmjs.org/@rolldown%2fbinding-win32-arm64-msvc 473ms (cache miss)
810 silly packumentCache full:https://registry.npmjs.org/@rolldown%2fbinding-win32-arm64-msvc set size:undefined disposed:false
811 http fetch GET 200 https://registry.npmjs.org/@rolldown%2fbinding-openharmony-arm64 460ms (cache miss)
812 silly packumentCache full:https://registry.npmjs.org/@rolldown%2fbinding-openharmony-arm64 set size:undefined disposed:false
813 silly placeDep ROOT @vercel/static-config@3.1.2 OK for: @vercel/elysia@0.1.27 want: 3.1.2
814 silly fetch manifest ajv@8.6.3
815 silly packumentCache full:https://registry.npmjs.org/ajv cache-miss
816 silly fetch manifest json-schema-to-ts@1.6.4
817 silly packumentCache full:https://registry.npmjs.org/json-schema-to-ts cache-miss
818 http fetch GET 200 https://registry.npmjs.org/ajv 104ms (cache miss)
819 silly packumentCache full:https://registry.npmjs.org/ajv set size:undefined disposed:false
820 http fetch GET 200 https://registry.npmjs.org/json-schema-to-ts 116ms (cache miss)
821 silly packumentCache full:https://registry.npmjs.org/json-schema-to-ts set size:undefined disposed:false
822 silly placeDep node_modules/@vercel/express @vercel/nft@1.1.1 OK for: @vercel/express@0.1.35 want: 1.1.1
823 silly placeDep ROOT path-to-regexp@8.3.0 OK for: @vercel/express@0.1.35 want: 8.3.0
824 silly placeDep ROOT ts-morph@12.0.0 OK for: @vercel/express@0.1.35 want: 12.0.0
825 silly placeDep ROOT zod@3.22.4 OK for: @vercel/express@0.1.35 want: 3.22.4
826 silly fetch manifest @ts-morph/common@~0.11.0
827 silly packumentCache full:https://registry.npmjs.org/@ts-morph%2fcommon cache-miss
828 silly fetch manifest code-block-writer@^10.1.1
829 silly packumentCache full:https://registry.npmjs.org/code-block-writer cache-miss
830 http fetch GET 200 https://registry.npmjs.org/@ts-morph%2fcommon 87ms (cache miss)
831 silly packumentCache full:https://registry.npmjs.org/@ts-morph%2fcommon set size:undefined disposed:false
832 http fetch GET 200 https://registry.npmjs.org/code-block-writer 90ms (cache miss)
833 silly packumentCache full:https://registry.npmjs.org/code-block-writer set size:undefined disposed:false
834 silly fetch manifest encoding@^0.1.0
835 silly packumentCache full:https://registry.npmjs.org/encoding cache-miss
836 http fetch GET 200 https://registry.npmjs.org/encoding 343ms (cache miss)
837 silly packumentCache full:https://registry.npmjs.org/encoding set size:undefined disposed:false
838 silly placeDep ROOT @tootallnate/once@2.0.0 OK for: @vercel/fun@1.2.1 want: 2.0.0
839 silly placeDep ROOT async-listen@1.2.0 OK for: @vercel/fun@1.2.1 want: 1.2.0
840 silly placeDep ROOT debug@4.3.4 OK for: @vercel/fun@1.2.1 want: 4.3.4
841 silly placeDep ROOT generic-pool@3.4.2 OK for: @vercel/fun@1.2.1 want: 3.4.2
842 silly placeDep ROOT micro@9.3.5-canary.3 OK for: @vercel/fun@1.2.1 want: 9.3.5-canary.3
843 silly placeDep ROOT ms@2.1.1 OK for: @vercel/fun@1.2.1 want: 2.1.1
844 silly placeDep ROOT node-fetch@2.6.7 OK for: @vercel/fun@1.2.1 want: 2.6.7
845 silly placeDep node_modules/@vercel/fun path-to-regexp@8.2.0 OK for: @vercel/fun@1.2.1 want: 8.2.0
846 silly placeDep ROOT promisepipe@3.0.0 OK for: @vercel/fun@1.2.1 want: 3.0.0
847 silly placeDep ROOT semver@7.5.4 OK for: @vercel/fun@1.2.1 want: 7.5.4
848 silly placeDep ROOT stat-mode@0.3.0 OK for: @vercel/fun@1.2.1 want: 0.3.0
849 silly placeDep ROOT stream-to-promise@2.2.0 OK for: @vercel/fun@1.2.1 want: 2.2.0
850 silly placeDep ROOT tar@6.2.1 OK for: @vercel/fun@1.2.1 want: 6.2.1
851 silly placeDep ROOT tinyexec@0.3.2 OK for: @vercel/fun@1.2.1 want: 0.3.2
852 silly placeDep ROOT tree-kill@1.2.2 OK for: @vercel/fun@1.2.1 want: 1.2.2
853 silly placeDep ROOT uid-promise@1.0.0 OK for: @vercel/fun@1.2.1 want: 1.0.0
854 silly placeDep ROOT xdg-app-paths@5.1.0 OK for: @vercel/fun@1.2.1 want: 5.1.0
855 silly placeDep ROOT yauzl-promise@2.1.3 OK for: @vercel/fun@1.2.1 want: 2.1.3
856 silly fetch manifest ms@2.1.2
857 silly packumentCache full:https://registry.npmjs.org/ms cache-miss
858 silly fetch manifest arg@4.1.0
859 silly packumentCache full:https://registry.npmjs.org/arg cache-miss
860 silly fetch manifest raw-body@2.4.1
861 silly packumentCache full:https://registry.npmjs.org/raw-body cache-miss
862 silly fetch manifest content-type@1.0.4
863 silly packumentCache full:https://registry.npmjs.org/content-type cache-miss
864 silly fetch manifest whatwg-url@^5.0.0
865 silly packumentCache full:https://registry.npmjs.org/whatwg-url cache-miss
866 silly fetch manifest lru-cache@^6.0.0
867 silly packumentCache full:https://registry.npmjs.org/lru-cache cache-miss
868 silly fetch manifest any-promise@~1.3.0
869 silly packumentCache full:https://registry.npmjs.org/any-promise cache-miss
870 http cache https://registry.npmjs.org/ms 4ms (cache hit)
871 silly packumentCache full:https://registry.npmjs.org/ms set size:92208 disposed:false
872 silly fetch manifest end-of-stream@~1.1.0
873 silly packumentCache full:https://registry.npmjs.org/end-of-stream cache-miss
874 http fetch GET 200 https://registry.npmjs.org/arg 35ms (cache miss)
875 silly packumentCache full:https://registry.npmjs.org/arg set size:undefined disposed:false
876 silly fetch manifest stream-to-array@~2.3.0
877 silly packumentCache full:https://registry.npmjs.org/stream-to-array cache-miss
878 http fetch GET 200 https://registry.npmjs.org/content-type 45ms (cache miss)
879 silly packumentCache full:https://registry.npmjs.org/content-type set size:undefined disposed:false
880 silly fetch manifest chownr@^2.0.0
881 silly packumentCache full:https://registry.npmjs.org/chownr cache-miss
882 http fetch GET 200 https://registry.npmjs.org/end-of-stream 43ms (cache miss)
883 silly packumentCache full:https://registry.npmjs.org/end-of-stream set size:undefined disposed:false
884 silly fetch manifest mkdirp@^1.0.3
885 silly packumentCache full:https://registry.npmjs.org/mkdirp cache-miss
886 http fetch GET 200 https://registry.npmjs.org/any-promise 49ms (cache miss)
887 silly packumentCache full:https://registry.npmjs.org/any-promise set size:undefined disposed:false
888 silly fetch manifest yallist@^4.0.0
889 silly packumentCache full:https://registry.npmjs.org/yallist cache-miss
890 http fetch GET 200 https://registry.npmjs.org/raw-body 57ms (cache miss)
891 silly packumentCache full:https://registry.npmjs.org/raw-body set size:undefined disposed:false
892 silly fetch manifest minipass@^5.0.0
893 silly packumentCache full:https://registry.npmjs.org/minipass cache-miss
894 http fetch GET 200 https://registry.npmjs.org/lru-cache 66ms (cache miss)
895 silly packumentCache full:https://registry.npmjs.org/lru-cache set size:undefined disposed:false
896 silly fetch manifest minizlib@^2.1.1
897 silly packumentCache full:https://registry.npmjs.org/minizlib cache-miss
898 http fetch GET 200 https://registry.npmjs.org/whatwg-url 70ms (cache miss)
899 silly packumentCache full:https://registry.npmjs.org/whatwg-url set size:undefined disposed:false
900 silly fetch manifest fs-minipass@^2.0.0
901 silly packumentCache full:https://registry.npmjs.org/fs-minipass cache-miss
902 http fetch GET 200 https://registry.npmjs.org/yallist 56ms (cache miss)
903 silly packumentCache full:https://registry.npmjs.org/yallist set size:undefined disposed:false
904 silly fetch manifest xdg-portable@^7.0.0
905 silly packumentCache full:https://registry.npmjs.org/xdg-portable cache-miss
906 http fetch GET 200 https://registry.npmjs.org/chownr 65ms (cache miss)
907 silly packumentCache full:https://registry.npmjs.org/chownr set size:undefined disposed:false
908 silly fetch manifest yauzl@^2.9.1
909 silly packumentCache full:https://registry.npmjs.org/yauzl cache-miss
910 http fetch GET 200 https://registry.npmjs.org/stream-to-array 83ms (cache miss)
911 silly packumentCache full:https://registry.npmjs.org/stream-to-array set size:undefined disposed:false
912 silly fetch manifest yauzl-clone@^1.0.4
913 silly packumentCache full:https://registry.npmjs.org/yauzl-clone cache-miss
914 http fetch GET 200 https://registry.npmjs.org/fs-minipass 47ms (cache miss)
915 silly packumentCache full:https://registry.npmjs.org/fs-minipass set size:undefined disposed:false
916 http fetch GET 200 https://registry.npmjs.org/mkdirp 76ms (cache miss)
917 silly packumentCache full:https://registry.npmjs.org/mkdirp set size:undefined disposed:false
918 http fetch GET 200 https://registry.npmjs.org/minizlib 69ms (cache miss)
919 silly packumentCache full:https://registry.npmjs.org/minizlib set size:undefined disposed:false
920 http fetch GET 200 https://registry.npmjs.org/minipass 91ms (cache miss)
921 silly packumentCache full:https://registry.npmjs.org/minipass set size:undefined disposed:false
922 http fetch GET 200 https://registry.npmjs.org/xdg-portable 53ms (cache miss)
923 silly packumentCache full:https://registry.npmjs.org/xdg-portable set size:undefined disposed:false
924 http fetch GET 200 https://registry.npmjs.org/yauzl 51ms (cache miss)
925 silly packumentCache full:https://registry.npmjs.org/yauzl set size:undefined disposed:false
926 http fetch GET 200 https://registry.npmjs.org/yauzl-clone 44ms (cache miss)
927 silly packumentCache full:https://registry.npmjs.org/yauzl-clone set size:undefined disposed:false
928 silly placeDep node_modules/@vercel/hono @vercel/nft@1.1.1 OK for: @vercel/hono@0.2.30 want: 1.1.1
929 silly placeDep node_modules/@vercel/next @vercel/nft@1.1.1 OK for: @vercel/next@4.15.20 want: 1.1.1
930 silly fetch manifest rollup@^1.20.0||^2.0.0||^3.0.0||^4.0.0
931 silly packumentCache full:https://registry.npmjs.org/rollup cache-miss
932 http fetch GET 200 https://registry.npmjs.org/rollup 126ms (cache miss)
933 silly packumentCache full:https://registry.npmjs.org/rollup set size:undefined disposed:false
934 silly placeDep ROOT @mapbox/node-pre-gyp@2.0.3 OK for: @vercel/nft@1.3.0 want: ^2.0.0
935 silly placeDep ROOT @rollup/pluginutils@5.3.0 OK for: @vercel/nft@1.3.0 want: ^5.1.3
936 silly placeDep ROOT acorn@8.15.0 OK for: @vercel/nft@1.3.0 want: ^8.6.0
937 silly placeDep ROOT acorn-import-attributes@1.9.5 OK for: @vercel/nft@1.3.0 want: ^1.9.5
938 silly placeDep ROOT async-sema@3.1.1 OK for: @vercel/nft@1.3.0 want: ^3.1.1
939 silly placeDep ROOT bindings@1.5.0 OK for: @vercel/nft@1.3.0 want: ^1.4.0
940 silly placeDep ROOT estree-walker@2.0.2 OK for: @vercel/nft@1.3.0 want: 2.0.2
941 silly placeDep ROOT glob@13.0.0 OK for: @vercel/nft@1.3.0 want: ^13.0.0
942 silly placeDep ROOT graceful-fs@4.2.11 OK for: @vercel/nft@1.3.0 want: ^4.2.9
943 silly placeDep ROOT node-gyp-build@4.8.4 OK for: @vercel/nft@1.3.0 want: ^4.2.2
944 silly placeDep ROOT picomatch@4.0.3 OK for: @vercel/nft@1.3.0 want: ^4.0.2
945 silly placeDep ROOT resolve-from@5.0.0 OK for: @vercel/nft@1.3.0 want: ^5.0.0
946 silly fetch manifest tar@^7.4.0
947 silly packumentCache full:https://registry.npmjs.org/tar cache-miss
948 silly fetch manifest nopt@^8.0.0
949 silly packumentCache full:https://registry.npmjs.org/nopt cache-miss
950 silly fetch manifest consola@^3.2.3
951 silly packumentCache full:https://registry.npmjs.org/consola cache-miss
952 silly fetch manifest detect-libc@^2.0.0
953 silly packumentCache full:https://registry.npmjs.org/detect-libc cache-miss
954 silly fetch manifest https-proxy-agent@^7.0.5
955 silly packumentCache full:https://registry.npmjs.org/https-proxy-agent cache-miss
956 silly fetch manifest @types/estree@^1.0.0
957 silly packumentCache full:https://registry.npmjs.org/@types%2festree cache-miss
958 silly fetch manifest estree-walker@^2.0.2
959 silly packumentCache full:https://registry.npmjs.org/estree-walker cache-miss
960 http cache https://registry.npmjs.org/estree-walker 7ms (cache hit)
961 silly packumentCache full:https://registry.npmjs.org/estree-walker set size:60887 disposed:false
962 silly fetch manifest file-uri-to-path@1.0.0
963 silly packumentCache full:https://registry.npmjs.org/file-uri-to-path cache-miss
964 http cache https://registry.npmjs.org/tar 9ms (cache hit)
965 silly packumentCache full:https://registry.npmjs.org/tar set size:488717 disposed:false
966 silly fetch manifest minipass@^7.1.2
967 silly packumentCache full:https://registry.npmjs.org/minipass cache-miss
968 http cache https://registry.npmjs.org/minipass 2ms (cache hit)
969 silly packumentCache full:https://registry.npmjs.org/minipass set size:490195 disposed:false
970 silly fetch manifest minimatch@^10.1.1
971 silly packumentCache full:https://registry.npmjs.org/minimatch cache-miss
972 http fetch GET 200 https://registry.npmjs.org/detect-libc 41ms (cache miss)
973 silly packumentCache full:https://registry.npmjs.org/detect-libc set size:undefined disposed:false
974 silly fetch manifest path-scurry@^2.0.0
975 silly packumentCache full:https://registry.npmjs.org/path-scurry cache-miss
976 http fetch GET 200 https://registry.npmjs.org/file-uri-to-path 54ms (cache miss)
977 silly packumentCache full:https://registry.npmjs.org/file-uri-to-path set size:undefined disposed:false
978 http fetch GET 200 https://registry.npmjs.org/https-proxy-agent 62ms (cache miss)
979 silly packumentCache full:https://registry.npmjs.org/https-proxy-agent set size:undefined disposed:false
980 http fetch GET 200 https://registry.npmjs.org/consola 63ms (cache miss)
981 silly packumentCache full:https://registry.npmjs.org/consola set size:undefined disposed:false
982 http fetch GET 200 https://registry.npmjs.org/@types%2festree 64ms (cache miss)
983 silly packumentCache full:https://registry.npmjs.org/@types%2festree set size:undefined disposed:false
984 http fetch GET 200 https://registry.npmjs.org/minimatch 58ms (cache miss)
985 silly packumentCache full:https://registry.npmjs.org/minimatch set size:undefined disposed:false
986 http fetch GET 200 https://registry.npmjs.org/nopt 73ms (cache miss)
987 silly packumentCache full:https://registry.npmjs.org/nopt set size:undefined disposed:false
988 http fetch GET 200 https://registry.npmjs.org/path-scurry 44ms (cache miss)
989 silly packumentCache full:https://registry.npmjs.org/path-scurry set size:undefined disposed:false
990 silly placeDep ROOT consola@3.4.2 OK for: @mapbox/node-pre-gyp@2.0.3 want: ^3.2.3
991 silly placeDep ROOT detect-libc@2.1.2 OK for: @mapbox/node-pre-gyp@2.0.3 want: ^2.0.0
992 silly placeDep ROOT https-proxy-agent@7.0.6 OK for: @mapbox/node-pre-gyp@2.0.3 want: ^7.0.5
993 silly placeDep ROOT nopt@8.1.0 OK for: @mapbox/node-pre-gyp@2.0.3 want: ^8.0.0
994 silly placeDep node_modules/@mapbox/node-pre-gyp tar@7.5.7 OK for: @mapbox/node-pre-gyp@2.0.3 want: ^7.4.0
995 silly fetch manifest agent-base@^7.1.2
996 silly packumentCache full:https://registry.npmjs.org/agent-base cache-miss
997 silly fetch manifest abbrev@^3.0.0
998 silly packumentCache full:https://registry.npmjs.org/abbrev cache-miss
999 silly fetch manifest chownr@^3.0.0
1000 silly packumentCache full:https://registry.npmjs.org/chownr cache-miss
1001 silly fetch manifest yallist@^5.0.0
1002 silly packumentCache full:https://registry.npmjs.org/yallist cache-miss
1003 silly fetch manifest minizlib@^3.1.0
1004 silly packumentCache full:https://registry.npmjs.org/minizlib cache-miss
1005 silly fetch manifest @isaacs/fs-minipass@^4.0.0
1006 silly packumentCache full:https://registry.npmjs.org/@isaacs%2ffs-minipass cache-miss
1007 http cache https://registry.npmjs.org/yallist 2ms (cache hit)
1008 silly packumentCache full:https://registry.npmjs.org/yallist set size:34610 disposed:false
1009 http cache https://registry.npmjs.org/chownr 3ms (cache hit)
1010 silly packumentCache full:https://registry.npmjs.org/chownr set size:22157 disposed:false
1011 http cache https://registry.npmjs.org/minizlib 3ms (cache hit)
1012 silly packumentCache full:https://registry.npmjs.org/minizlib set size:62862 disposed:false
1013 http fetch GET 200 https://registry.npmjs.org/agent-base 43ms (cache miss)
1014 silly packumentCache full:https://registry.npmjs.org/agent-base set size:undefined disposed:false
1015 http fetch GET 200 https://registry.npmjs.org/abbrev 57ms (cache miss)
1016 silly packumentCache full:https://registry.npmjs.org/abbrev set size:undefined disposed:false
1017 http fetch GET 200 https://registry.npmjs.org/@isaacs%2ffs-minipass 57ms (cache miss)
1018 silly packumentCache full:https://registry.npmjs.org/@isaacs%2ffs-minipass set size:undefined disposed:false
1019 silly placeDep ROOT @types/estree@1.0.8 OK for: @rollup/pluginutils@5.3.0 want: ^1.0.0
1020 silly fetch manifest @swc/core@>=1.2.50
1021 silly packumentCache full:https://registry.npmjs.org/@swc%2fcore cache-miss
1022 http fetch GET 200 https://registry.npmjs.org/@swc%2fcore 363ms (cache miss)
1023 silly packumentCache full:https://registry.npmjs.org/@swc%2fcore set size:undefined disposed:false
1024 silly fetch manifest @swc/helpers@>=0.5.17
1025 silly packumentCache full:https://registry.npmjs.org/@swc%2fhelpers cache-miss
1026 http fetch GET 200 https://registry.npmjs.org/@swc%2fhelpers 515ms (cache miss)
1027 silly packumentCache full:https://registry.npmjs.org/@swc%2fhelpers set size:undefined disposed:false
1028 silly fetch manifest @swc/wasm@>=1.2.50
1029 silly packumentCache full:https://registry.npmjs.org/@swc%2fwasm cache-miss
1030 http fetch GET 200 https://registry.npmjs.org/@swc%2fwasm 218ms (cache miss)
1031 silly packumentCache full:https://registry.npmjs.org/@swc%2fwasm set size:undefined disposed:false
1032 silly placeDep ROOT @edge-runtime/node-utils@2.3.0 OK for: @vercel/node@5.5.28 want: 2.3.0
1033 silly placeDep ROOT @edge-runtime/primitives@4.1.0 OK for: @vercel/node@5.5.28 want: 4.1.0
1034 silly placeDep ROOT @edge-runtime/vm@3.2.0 OK for: @vercel/node@5.5.28 want: 3.2.0
1035 silly placeDep ROOT @types/node@20.11.0 OK for: @vercel/node@5.5.28 want: 20.11.0
1036 silly placeDep ROOT @vercel/error-utils@2.0.3 OK for: @vercel/node@5.5.28 want: 2.0.3
1037 silly placeDep node_modules/@vercel/node @vercel/nft@1.1.1 OK for: @vercel/node@5.5.28 want: 1.1.1
1038 silly placeDep node_modules/@vercel/node async-listen@3.0.0 OK for: @vercel/node@5.5.28 want: 3.0.0
1039 silly placeDep ROOT cjs-module-lexer@1.2.3 OK for: @vercel/node@5.5.28 want: 1.2.3
1040 silly placeDep ROOT edge-runtime@2.5.9 OK for: @vercel/node@5.5.28 want: 2.5.9
1041 silly placeDep ROOT es-module-lexer@1.4.1 OK for: @vercel/node@5.5.28 want: 1.4.1
1042 silly placeDep ROOT etag@1.8.1 OK for: @vercel/node@5.5.28 want: 1.8.1
1043 silly placeDep ROOT mime-types@2.1.35 OK for: @vercel/node@5.5.28 want: 2.1.35
1044 silly placeDep node_modules/@vercel/node node-fetch@2.6.9 OK for: @vercel/node@5.5.28 want: 2.6.9
1045 silly placeDep node_modules/@vercel/node path-to-regexp@6.1.0 OK for: @vercel/node@5.5.28 want: 6.1.0
1046 silly placeDep ROOT path-to-regexp-updated@6.3.0 OK for: @vercel/node@5.5.28 want: npm:path-to-regexp@6.3.0
1047 silly placeDep ROOT ts-node@10.9.1 OK for: @vercel/node@5.5.28 want: 10.9.1
1048 silly placeDep node_modules/@vercel/node typescript@4.9.5 OK for: @vercel/node@5.5.28 want: 4.9.5
1049 silly placeDep ROOT typescript5@5.9.3 OK for: @vercel/node@5.5.28 want: npm:typescript@5.9.3
1050 silly placeDep node_modules/@vercel/node undici@5.28.4 OK for: @vercel/node@5.5.28 want: 5.28.4
1051 silly fetch manifest undici-types@~5.26.4
1052 silly packumentCache full:https://registry.npmjs.org/undici-types cache-miss
1053 silly fetch manifest mri@1.2.0
1054 silly packumentCache full:https://registry.npmjs.org/mri cache-miss
1055 silly fetch manifest pretty-ms@7.0.1
1056 silly packumentCache full:https://registry.npmjs.org/pretty-ms cache-miss
1057 silly fetch manifest time-span@4.0.0
1058 silly packumentCache full:https://registry.npmjs.org/time-span cache-miss
1059 silly fetch manifest picocolors@1.0.0
1060 silly packumentCache full:https://registry.npmjs.org/picocolors cache-miss
1061 silly fetch manifest signal-exit@4.0.2
1062 silly packumentCache full:https://registry.npmjs.org/signal-exit cache-miss
1063 silly fetch manifest async-listen@3.0.1
1064 silly packumentCache full:https://registry.npmjs.org/async-listen cache-hit
1065 silly fetch manifest @edge-runtime/format@2.2.1
1066 silly packumentCache full:https://registry.npmjs.org/@edge-runtime%2fformat cache-miss
1067 http cache https://registry.npmjs.org/signal-exit 4ms (cache hit)
1068 silly packumentCache full:https://registry.npmjs.org/signal-exit set size:53489 disposed:false
1069 silly fetch manifest @edge-runtime/ponyfill@2.4.2
1070 silly packumentCache full:https://registry.npmjs.org/@edge-runtime%2fponyfill cache-miss
1071 http fetch GET 200 https://registry.npmjs.org/pretty-ms 54ms (cache miss)
1072 silly packumentCache full:https://registry.npmjs.org/pretty-ms set size:undefined disposed:false
1073 silly fetch manifest mime-db@1.52.0
1074 silly packumentCache full:https://registry.npmjs.org/mime-db cache-miss
1075 http fetch GET 200 https://registry.npmjs.org/mri 57ms (cache miss)
1076 silly packumentCache full:https://registry.npmjs.org/mri set size:undefined disposed:false
1077 silly fetch manifest yn@3.1.1
1078 silly packumentCache full:https://registry.npmjs.org/yn cache-miss
1079 http fetch GET 200 https://registry.npmjs.org/picocolors 57ms (cache miss)
1080 silly packumentCache full:https://registry.npmjs.org/picocolors set size:undefined disposed:false
1081 silly fetch manifest arg@^4.1.0
1082 silly packumentCache full:https://registry.npmjs.org/arg cache-miss
1083 http cache https://registry.npmjs.org/arg 1ms (cache hit)
1084 silly packumentCache full:https://registry.npmjs.org/arg set size:67204 disposed:false
1085 silly fetch manifest diff@^4.0.1
1086 silly packumentCache full:https://registry.npmjs.org/diff cache-miss
1087 http fetch GET 200 https://registry.npmjs.org/time-span 66ms (cache miss)
1088 silly packumentCache full:https://registry.npmjs.org/time-span set size:undefined disposed:false
1089 silly fetch manifest acorn-walk@^8.1.1
1090 silly packumentCache full:https://registry.npmjs.org/acorn-walk cache-miss
1091 http fetch GET 200 https://registry.npmjs.org/@edge-runtime%2fformat 70ms (cache miss)
1092 silly packumentCache full:https://registry.npmjs.org/@edge-runtime%2fformat set size:undefined disposed:false
1093 silly fetch manifest make-error@^1.1.1
1094 silly packumentCache full:https://registry.npmjs.org/make-error cache-miss
1095 http fetch GET 200 https://registry.npmjs.org/@edge-runtime%2fponyfill 70ms (cache miss)
1096 silly packumentCache full:https://registry.npmjs.org/@edge-runtime%2fponyfill set size:undefined disposed:false
1097 silly fetch manifest create-require@^1.1.0
1098 silly packumentCache full:https://registry.npmjs.org/create-require cache-miss
1099 http fetch GET 200 https://registry.npmjs.org/diff 71ms (cache miss)
1100 silly packumentCache full:https://registry.npmjs.org/diff set size:undefined disposed:false
1101 silly fetch manifest @tsconfig/node10@^1.0.7
1102 silly packumentCache full:https://registry.npmjs.org/@tsconfig%2fnode10 cache-miss
1103 http fetch GET 200 https://registry.npmjs.org/mime-db 78ms (cache miss)
1104 silly packumentCache full:https://registry.npmjs.org/mime-db set size:undefined disposed:false
1105 silly fetch manifest @tsconfig/node12@^1.0.7
1106 silly packumentCache full:https://registry.npmjs.org/@tsconfig%2fnode12 cache-miss
1107 http fetch GET 200 https://registry.npmjs.org/make-error 66ms (cache miss)
1108 silly packumentCache full:https://registry.npmjs.org/make-error set size:undefined disposed:false
1109 silly fetch manifest @tsconfig/node14@^1.0.0
1110 silly packumentCache full:https://registry.npmjs.org/@tsconfig%2fnode14 cache-miss
1111 http fetch GET 200 https://registry.npmjs.org/acorn-walk 75ms (cache miss)
1112 silly packumentCache full:https://registry.npmjs.org/acorn-walk set size:undefined disposed:false
1113 silly fetch manifest @tsconfig/node16@^1.0.2
1114 silly packumentCache full:https://registry.npmjs.org/@tsconfig%2fnode16 cache-miss
1115 http fetch GET 200 https://registry.npmjs.org/yn 86ms (cache miss)
1116 silly packumentCache full:https://registry.npmjs.org/yn set size:undefined disposed:false
1117 silly fetch manifest v8-compile-cache-lib@^3.0.1
1118 silly packumentCache full:https://registry.npmjs.org/v8-compile-cache-lib cache-miss
1119 http fetch GET 200 https://registry.npmjs.org/v8-compile-cache-lib 40ms (cache miss)
1120 silly packumentCache full:https://registry.npmjs.org/v8-compile-cache-lib set size:undefined disposed:false
1121 silly fetch manifest @cspotcode/source-map-support@^0.8.0
1122 silly packumentCache full:https://registry.npmjs.org/@cspotcode%2fsource-map-support cache-miss
1123 http fetch GET 200 https://registry.npmjs.org/@tsconfig%2fnode12 53ms (cache miss)
1124 silly packumentCache full:https://registry.npmjs.org/@tsconfig%2fnode12 set size:undefined disposed:false
1125 http fetch GET 200 https://registry.npmjs.org/@tsconfig%2fnode10 65ms (cache miss)
1126 silly packumentCache full:https://registry.npmjs.org/@tsconfig%2fnode10 set size:undefined disposed:false
1127 http fetch GET 200 https://registry.npmjs.org/@tsconfig%2fnode16 54ms (cache miss)
1128 silly packumentCache full:https://registry.npmjs.org/@tsconfig%2fnode16 set size:undefined disposed:false
1129 http fetch GET 200 https://registry.npmjs.org/undici-types 202ms (cache miss)
1130 silly packumentCache full:https://registry.npmjs.org/undici-types set size:undefined disposed:false
1131 http fetch GET 200 https://registry.npmjs.org/create-require 451ms (cache miss)
1132 silly packumentCache full:https://registry.npmjs.org/create-require set size:undefined disposed:false
1133 http fetch GET 200 https://registry.npmjs.org/@tsconfig%2fnode14 389ms (cache miss)
1134 silly packumentCache full:https://registry.npmjs.org/@tsconfig%2fnode14 set size:undefined disposed:false
1135 http fetch GET 200 https://registry.npmjs.org/@cspotcode%2fsource-map-support 371ms (cache miss)
1136 silly packumentCache full:https://registry.npmjs.org/@cspotcode%2fsource-map-support set size:undefined disposed:false
1137 silly placeDep ROOT undici-types@5.26.5 OK for: @types/node@20.11.0 want: ~5.26.4
1138 silly placeDep node_modules/@vercel/redwood @vercel/nft@1.1.1 OK for: @vercel/redwood@2.4.9 want: 1.1.1
1139 silly placeDep node_modules/@vercel/redwood semver@6.3.1 OK for: @vercel/redwood@2.4.9 want: 6.3.1
1140 silly placeDep node_modules/@vercel/remix-builder @vercel/nft@1.1.1 OK for: @vercel/remix-builder@5.5.9 want: 1.1.1
1141 silly placeDep node_modules/@vercel/remix-builder path-to-regexp@6.1.0 OK for: @vercel/remix-builder@5.5.9 want: 6.1.0
1142 silly placeDep ROOT @iarna/toml@2.2.5 OK for: @vercel/rust@1.0.5 want: ^2.2.5
1143 silly placeDep node_modules/@vercel/rust execa@5.1.1 OK for: @vercel/rust@1.0.5 want: 5
1144 silly fetch manifest onetime@^5.1.2
1145 silly packumentCache full:https://registry.npmjs.org/onetime cache-miss
1146 silly fetch manifest get-stream@^6.0.0
1147 silly packumentCache full:https://registry.npmjs.org/get-stream cache-miss
1148 silly fetch manifest cross-spawn@^7.0.3
1149 silly packumentCache full:https://registry.npmjs.org/cross-spawn cache-miss
1150 silly fetch manifest signal-exit@^3.0.3
1151 silly packumentCache full:https://registry.npmjs.org/signal-exit cache-hit
1152 silly fetch manifest npm-run-path@^4.0.1
1153 silly packumentCache full:https://registry.npmjs.org/npm-run-path cache-miss
1154 silly fetch manifest human-signals@^2.1.0
1155 silly packumentCache full:https://registry.npmjs.org/human-signals cache-miss
1156 http cache https://registry.npmjs.org/npm-run-path 3ms (cache hit)
1157 silly packumentCache full:https://registry.npmjs.org/npm-run-path set size:33596 disposed:false
1158 http cache https://registry.npmjs.org/cross-spawn 3ms (cache hit)
1159 silly packumentCache full:https://registry.npmjs.org/cross-spawn set size:109066 disposed:false
1160 http cache https://registry.npmjs.org/get-stream 4ms (cache hit)
1161 silly packumentCache full:https://registry.npmjs.org/get-stream set size:57536 disposed:false
1162 http cache https://registry.npmjs.org/onetime 5ms (cache hit)
1163 silly packumentCache full:https://registry.npmjs.org/onetime set size:30525 disposed:false
1164 http cache https://registry.npmjs.org/human-signals 5ms (cache hit)
1165 silly packumentCache full:https://registry.npmjs.org/human-signals set size:47322 disposed:false
1166 silly placeDep ROOT @vercel/gatsby-plugin-vercel-analytics@1.0.11 OK for: @vercel/static-build@2.8.28 want: 1.0.11
1167 silly placeDep ROOT @vercel/gatsby-plugin-vercel-builder@2.0.127 OK for: @vercel/static-build@2.8.28 want: 2.0.127
1168 silly fetch manifest web-vitals@0.2.4
1169 silly packumentCache full:https://registry.npmjs.org/web-vitals cache-miss
1170 silly fetch manifest @sinclair/typebox@0.25.24
1171 silly packumentCache full:https://registry.npmjs.org/@sinclair%2ftypebox cache-miss
1172 http fetch GET 200 https://registry.npmjs.org/web-vitals 71ms (cache miss)
1173 silly packumentCache full:https://registry.npmjs.org/web-vitals set size:undefined disposed:false
1174 http fetch GET 200 https://registry.npmjs.org/@sinclair%2ftypebox 146ms (cache miss)
1175 silly packumentCache full:https://registry.npmjs.org/@sinclair%2ftypebox set size:undefined disposed:false
1176 silly placeDep ROOT web-vitals@0.2.4 OK for: @vercel/gatsby-plugin-vercel-analytics@1.0.11 want: 0.2.4
1177 silly placeDep ROOT @sinclair/typebox@0.25.24 OK for: @vercel/gatsby-plugin-vercel-builder@2.0.127 want: 0.25.24
1178 silly placeDep ROOT ajv@8.6.3 OK for: @vercel/static-config@3.1.2 want: 8.6.3
1179 silly placeDep ROOT json-schema-to-ts@1.6.4 OK for: @vercel/static-config@3.1.2 want: 1.6.4
1180 silly fetch manifest uri-js@^4.2.2
1181 silly packumentCache full:https://registry.npmjs.org/uri-js cache-miss
1182 silly fetch manifest fast-deep-equal@^3.1.1
1183 silly packumentCache full:https://registry.npmjs.org/fast-deep-equal cache-miss
1184 silly fetch manifest require-from-string@^2.0.2
1185 silly packumentCache full:https://registry.npmjs.org/require-from-string cache-miss
1186 silly fetch manifest json-schema-traverse@^1.0.0
1187 silly packumentCache full:https://registry.npmjs.org/json-schema-traverse cache-miss
1188 silly fetch manifest ts-toolbelt@^6.15.5
1189 silly packumentCache full:https://registry.npmjs.org/ts-toolbelt cache-miss
1190 silly fetch manifest @types/json-schema@^7.0.6
1191 silly packumentCache full:https://registry.npmjs.org/@types%2fjson-schema cache-miss
1192 http fetch GET 200 https://registry.npmjs.org/uri-js 40ms (cache miss)
1193 silly packumentCache full:https://registry.npmjs.org/uri-js set size:undefined disposed:false
1194 http fetch GET 200 https://registry.npmjs.org/json-schema-traverse 42ms (cache miss)
1195 silly packumentCache full:https://registry.npmjs.org/json-schema-traverse set size:undefined disposed:false
1196 http fetch GET 200 https://registry.npmjs.org/fast-deep-equal 64ms (cache miss)
1197 silly packumentCache full:https://registry.npmjs.org/fast-deep-equal set size:undefined disposed:false
1198 http fetch GET 200 https://registry.npmjs.org/@types%2fjson-schema 68ms (cache miss)
1199 silly packumentCache full:https://registry.npmjs.org/@types%2fjson-schema set size:undefined disposed:false
1200 http fetch GET 200 https://registry.npmjs.org/require-from-string 69ms (cache miss)
1201 silly packumentCache full:https://registry.npmjs.org/require-from-string set size:undefined disposed:false
1202 http fetch GET 200 https://registry.npmjs.org/ts-toolbelt 603ms (cache miss)
1203 silly packumentCache full:https://registry.npmjs.org/ts-toolbelt set size:undefined disposed:false
1204 silly placeDep ROOT fast-deep-equal@3.1.3 OK for: ajv@8.6.3 want: ^3.1.1
1205 silly placeDep ROOT json-schema-traverse@1.0.0 OK for: ajv@8.6.3 want: ^1.0.0
1206 silly placeDep ROOT require-from-string@2.0.2 OK for: ajv@8.6.3 want: ^2.0.2
1207 silly placeDep ROOT uri-js@4.4.1 OK for: ajv@8.6.3 want: ^4.2.2
1208 silly fetch manifest punycode@^2.1.0
1209 silly packumentCache full:https://registry.npmjs.org/punycode cache-miss
1210 http fetch GET 200 https://registry.npmjs.org/punycode 66ms (cache miss)
1211 silly packumentCache full:https://registry.npmjs.org/punycode set size:undefined disposed:false
1212 silly placeDep ROOT retry@0.13.1 OK for: async-retry@1.3.3 want: 0.13.1
1213 silly placeDep ROOT file-uri-to-path@1.0.0 OK for: bindings@1.5.0 want: 1.0.0
1214 silly placeDep ROOT readdirp@4.1.2 OK for: chokidar@4.0.0 want: ^4.0.1
1215 silly placeDep node_modules/debug ms@2.1.2 OK for: debug@4.3.4 want: 2.1.2
1216 silly placeDep ROOT @edge-runtime/format@2.2.1 OK for: edge-runtime@2.5.9 want: 2.2.1
1217 silly placeDep ROOT @edge-runtime/ponyfill@2.4.2 OK for: edge-runtime@2.5.9 want: 2.4.2
1218 silly placeDep node_modules/edge-runtime async-listen@3.0.1 OK for: edge-runtime@2.5.9 want: 3.0.1
1219 silly placeDep ROOT mri@1.2.0 OK for: edge-runtime@2.5.9 want: 1.2.0
1220 silly placeDep ROOT picocolors@1.0.0 OK for: edge-runtime@2.5.9 want: 1.0.0
1221 silly placeDep ROOT pretty-ms@7.0.1 OK for: edge-runtime@2.5.9 want: 7.0.1
1222 silly placeDep ROOT signal-exit@4.0.2 OK for: edge-runtime@2.5.9 want: 4.0.2
1223 silly placeDep ROOT time-span@4.0.0 OK for: edge-runtime@2.5.9 want: 4.0.0
1224 silly fetch manifest parse-ms@^2.1.0
1225 silly packumentCache full:https://registry.npmjs.org/parse-ms cache-miss
1226 silly fetch manifest convert-hrtime@^3.0.0
1227 silly packumentCache full:https://registry.npmjs.org/convert-hrtime cache-miss
1228 http fetch GET 200 https://registry.npmjs.org/convert-hrtime 40ms (cache miss)
1229 silly packumentCache full:https://registry.npmjs.org/convert-hrtime set size:undefined disposed:false
1230 http fetch GET 200 https://registry.npmjs.org/parse-ms 193ms (cache miss)
1231 silly packumentCache full:https://registry.npmjs.org/parse-ms set size:undefined disposed:false
1232 silly placeDep ROOT @esbuild/aix-ppc64@0.27.0 OK for: esbuild@0.27.0 want: 0.27.0
1233 silly placeDep ROOT @esbuild/android-arm@0.27.0 OK for: esbuild@0.27.0 want: 0.27.0
1234 silly placeDep ROOT @esbuild/android-arm64@0.27.0 OK for: esbuild@0.27.0 want: 0.27.0
1235 silly placeDep ROOT @esbuild/android-x64@0.27.0 OK for: esbuild@0.27.0 want: 0.27.0
1236 silly placeDep ROOT @esbuild/darwin-arm64@0.27.0 OK for: esbuild@0.27.0 want: 0.27.0
1237 silly placeDep ROOT @esbuild/darwin-x64@0.27.0 OK for: esbuild@0.27.0 want: 0.27.0
1238 silly placeDep ROOT @esbuild/freebsd-arm64@0.27.0 OK for: esbuild@0.27.0 want: 0.27.0
1239 silly placeDep ROOT @esbuild/freebsd-x64@0.27.0 OK for: esbuild@0.27.0 want: 0.27.0
1240 silly placeDep ROOT @esbuild/linux-arm@0.27.0 OK for: esbuild@0.27.0 want: 0.27.0
1241 silly placeDep ROOT @esbuild/linux-arm64@0.27.0 OK for: esbuild@0.27.0 want: 0.27.0
1242 silly placeDep ROOT @esbuild/linux-ia32@0.27.0 OK for: esbuild@0.27.0 want: 0.27.0
1243 silly placeDep ROOT @esbuild/linux-loong64@0.27.0 OK for: esbuild@0.27.0 want: 0.27.0
1244 silly placeDep ROOT @esbuild/linux-mips64el@0.27.0 OK for: esbuild@0.27.0 want: 0.27.0
1245 silly placeDep ROOT @esbuild/linux-ppc64@0.27.0 OK for: esbuild@0.27.0 want: 0.27.0
1246 silly placeDep ROOT @esbuild/linux-riscv64@0.27.0 OK for: esbuild@0.27.0 want: 0.27.0
1247 silly placeDep ROOT @esbuild/linux-s390x@0.27.0 OK for: esbuild@0.27.0 want: 0.27.0
1248 silly placeDep ROOT @esbuild/linux-x64@0.27.0 OK for: esbuild@0.27.0 want: 0.27.0
1249 silly placeDep ROOT @esbuild/netbsd-arm64@0.27.0 OK for: esbuild@0.27.0 want: 0.27.0
1250 silly placeDep ROOT @esbuild/netbsd-x64@0.27.0 OK for: esbuild@0.27.0 want: 0.27.0
1251 silly placeDep ROOT @esbuild/openbsd-arm64@0.27.0 OK for: esbuild@0.27.0 want: 0.27.0
1252 silly placeDep ROOT @esbuild/openbsd-x64@0.27.0 OK for: esbuild@0.27.0 want: 0.27.0
1253 silly placeDep ROOT @esbuild/openharmony-arm64@0.27.0 OK for: esbuild@0.27.0 want: 0.27.0
1254 silly placeDep ROOT @esbuild/sunos-x64@0.27.0 OK for: esbuild@0.27.0 want: 0.27.0
1255 silly placeDep ROOT @esbuild/win32-arm64@0.27.0 OK for: esbuild@0.27.0 want: 0.27.0
1256 silly placeDep ROOT @esbuild/win32-ia32@0.27.0 OK for: esbuild@0.27.0 want: 0.27.0
1257 silly placeDep ROOT @esbuild/win32-x64@0.27.0 OK for: esbuild@0.27.0 want: 0.27.0
1258 silly placeDep ROOT cross-spawn@7.0.6 OK for: execa@3.2.0 want: ^7.0.0
1259 silly placeDep ROOT get-stream@5.2.0 OK for: execa@3.2.0 want: ^5.0.0
1260 silly placeDep ROOT human-signals@1.1.1 OK for: execa@3.2.0 want: ^1.1.1
1261 silly placeDep ROOT is-stream@2.0.1 OK for: execa@3.2.0 want: ^2.0.0
1262 silly placeDep ROOT merge-stream@2.0.0 OK for: execa@3.2.0 want: ^2.0.0
1263 silly placeDep ROOT npm-run-path@4.0.1 OK for: execa@3.2.0 want: ^4.0.0
1264 silly placeDep ROOT onetime@5.1.2 OK for: execa@3.2.0 want: ^5.1.0
1265 silly placeDep ROOT p-finally@2.0.1 OK for: execa@3.2.0 want: ^2.0.0
1266 silly placeDep node_modules/execa signal-exit@3.0.7 OK for: execa@3.2.0 want: ^3.0.2
1267 silly placeDep ROOT strip-final-newline@2.0.0 OK for: execa@3.2.0 want: ^2.0.0
1268 silly fetch manifest which@^2.0.1
1269 silly packumentCache full:https://registry.npmjs.org/which cache-miss
1270 silly fetch manifest path-key@^3.1.0
1271 silly packumentCache full:https://registry.npmjs.org/path-key cache-miss
1272 silly fetch manifest shebang-command@^2.0.0
1273 silly packumentCache full:https://registry.npmjs.org/shebang-command cache-miss
1274 silly fetch manifest pump@^3.0.0
1275 silly packumentCache full:https://registry.npmjs.org/pump cache-miss
1276 silly fetch manifest path-key@^3.0.0
1277 silly packumentCache full:https://registry.npmjs.org/path-key cache-miss
1278 silly fetch manifest mimic-fn@^2.1.0
1279 silly packumentCache full:https://registry.npmjs.org/mimic-fn cache-miss
1280 http fetch GET 200 https://registry.npmjs.org/shebang-command 43ms (cache miss)
1281 silly packumentCache full:https://registry.npmjs.org/shebang-command set size:undefined disposed:false
1282 http fetch GET 200 https://registry.npmjs.org/which 44ms (cache miss)
1283 silly packumentCache full:https://registry.npmjs.org/which set size:undefined disposed:false
1284 http fetch GET 200 https://registry.npmjs.org/path-key 44ms (cache miss)
1285 silly packumentCache full:https://registry.npmjs.org/path-key set size:undefined disposed:false
1286 http fetch GET 200 https://registry.npmjs.org/path-key 46ms (cache miss)
1287 silly packumentCache full:https://registry.npmjs.org/path-key set size:undefined disposed:false
1288 http fetch GET 200 https://registry.npmjs.org/pump 55ms (cache miss)
1289 silly packumentCache full:https://registry.npmjs.org/pump set size:undefined disposed:false
1290 http fetch GET 200 https://registry.npmjs.org/mimic-fn 143ms (cache miss)
1291 silly packumentCache full:https://registry.npmjs.org/mimic-fn set size:undefined disposed:false
1292 silly placeDep ROOT path-key@3.1.1 OK for: cross-spawn@7.0.6 want: ^3.1.0
1293 silly placeDep ROOT shebang-command@2.0.0 OK for: cross-spawn@7.0.6 want: ^2.0.0
1294 silly placeDep ROOT which@2.0.2 OK for: cross-spawn@7.0.6 want: ^2.0.1
1295 silly fetch manifest shebang-regex@^3.0.0
1296 silly packumentCache full:https://registry.npmjs.org/shebang-regex cache-miss
1297 silly fetch manifest isexe@^2.0.0
1298 silly packumentCache full:https://registry.npmjs.org/isexe cache-miss
1299 http fetch GET 200 https://registry.npmjs.org/shebang-regex 40ms (cache miss)
1300 silly packumentCache full:https://registry.npmjs.org/shebang-regex set size:undefined disposed:false
1301 http fetch GET 200 https://registry.npmjs.org/isexe 43ms (cache miss)
1302 silly packumentCache full:https://registry.npmjs.org/isexe set size:undefined disposed:false
1303 silly placeDep ROOT asynckit@0.4.0 OK for: form-data@4.0.5 want: ^0.4.0
1304 silly placeDep ROOT combined-stream@1.0.8 OK for: form-data@4.0.5 want: ^1.0.8
1305 silly placeDep ROOT es-set-tostringtag@2.1.0 OK for: form-data@4.0.5 want: ^2.1.0
1306 silly placeDep ROOT hasown@2.0.2 OK for: form-data@4.0.5 want: ^2.0.2
1307 silly fetch manifest delayed-stream@~1.0.0
1308 silly packumentCache full:https://registry.npmjs.org/delayed-stream cache-miss
1309 silly fetch manifest es-errors@^1.3.0
1310 silly packumentCache full:https://registry.npmjs.org/es-errors cache-miss
1311 silly fetch manifest get-intrinsic@^1.2.6
1312 silly packumentCache full:https://registry.npmjs.org/get-intrinsic cache-miss
1313 silly fetch manifest has-tostringtag@^1.0.2
1314 silly packumentCache full:https://registry.npmjs.org/has-tostringtag cache-miss
1315 silly fetch manifest function-bind@^1.1.2
1316 silly packumentCache full:https://registry.npmjs.org/function-bind cache-miss
1317 http fetch GET 200 https://registry.npmjs.org/delayed-stream 70ms (cache miss)
1318 silly packumentCache full:https://registry.npmjs.org/delayed-stream set size:undefined disposed:false
1319 http fetch GET 200 https://registry.npmjs.org/es-errors 72ms (cache miss)
1320 silly packumentCache full:https://registry.npmjs.org/es-errors set size:undefined disposed:false
1321 http fetch GET 200 https://registry.npmjs.org/has-tostringtag 326ms (cache miss)
1322 silly packumentCache full:https://registry.npmjs.org/has-tostringtag set size:undefined disposed:false
1323 http fetch GET 200 https://registry.npmjs.org/get-intrinsic 327ms (cache miss)
1324 silly packumentCache full:https://registry.npmjs.org/get-intrinsic set size:undefined disposed:false
1325 http fetch GET 200 https://registry.npmjs.org/function-bind 353ms (cache miss)
1326 silly packumentCache full:https://registry.npmjs.org/function-bind set size:undefined disposed:false
1327 silly placeDep ROOT delayed-stream@1.0.0 OK for: combined-stream@1.0.8 want: ~1.0.0
1328 silly placeDep ROOT es-errors@1.3.0 OK for: es-set-tostringtag@2.1.0 want: ^1.3.0
1329 silly placeDep ROOT get-intrinsic@1.3.0 OK for: es-set-tostringtag@2.1.0 want: ^1.2.6
1330 silly placeDep ROOT has-tostringtag@1.0.2 OK for: es-set-tostringtag@2.1.0 want: ^1.0.2
1331 silly fetch manifest gopd@^1.2.0
1332 silly packumentCache full:https://registry.npmjs.org/gopd cache-miss
1333 silly fetch manifest get-proto@^1.0.1
1334 silly packumentCache full:https://registry.npmjs.org/get-proto cache-miss
1335 silly fetch manifest has-symbols@^1.1.0
1336 silly packumentCache full:https://registry.npmjs.org/has-symbols cache-miss
1337 silly fetch manifest es-object-atoms@^1.1.1
1338 silly packumentCache full:https://registry.npmjs.org/es-object-atoms cache-miss
1339 silly fetch manifest math-intrinsics@^1.1.0
1340 silly packumentCache full:https://registry.npmjs.org/math-intrinsics cache-miss
1341 silly fetch manifest es-define-property@^1.0.1
1342 silly packumentCache full:https://registry.npmjs.org/es-define-property cache-miss
1343 silly fetch manifest call-bind-apply-helpers@^1.0.2
1344 silly packumentCache full:https://registry.npmjs.org/call-bind-apply-helpers cache-miss
1345 http fetch GET 200 https://registry.npmjs.org/get-proto 44ms (cache miss)
1346 silly packumentCache full:https://registry.npmjs.org/get-proto set size:undefined disposed:false
1347 silly fetch manifest has-symbols@^1.0.3
1348 silly packumentCache full:https://registry.npmjs.org/has-symbols cache-miss
1349 http fetch GET 200 https://registry.npmjs.org/es-define-property 48ms (cache miss)
1350 silly packumentCache full:https://registry.npmjs.org/es-define-property set size:undefined disposed:false
1351 http fetch GET 200 https://registry.npmjs.org/has-symbols 48ms (cache miss)
1352 silly packumentCache full:https://registry.npmjs.org/has-symbols set size:undefined disposed:false
1353 http fetch GET 200 https://registry.npmjs.org/call-bind-apply-helpers 48ms (cache miss)
1354 silly packumentCache full:https://registry.npmjs.org/call-bind-apply-helpers set size:undefined disposed:false
1355 http fetch GET 200 https://registry.npmjs.org/gopd 63ms (cache miss)
1356 silly packumentCache full:https://registry.npmjs.org/gopd set size:undefined disposed:false
1357 http fetch GET 200 https://registry.npmjs.org/has-symbols 60ms (cache miss)
1358 silly packumentCache full:https://registry.npmjs.org/has-symbols set size:undefined disposed:false
1359 http fetch GET 200 https://registry.npmjs.org/es-object-atoms 188ms (cache miss)
1360 silly packumentCache full:https://registry.npmjs.org/es-object-atoms set size:undefined disposed:false
1361 http fetch GET 200 https://registry.npmjs.org/math-intrinsics 188ms (cache miss)
1362 silly packumentCache full:https://registry.npmjs.org/math-intrinsics set size:undefined disposed:false
1363 silly placeDep ROOT jsonfile@6.2.0 OK for: fs-extra@11.1.0 want: ^6.0.1
1364 silly placeDep ROOT universalify@2.0.1 OK for: fs-extra@11.1.0 want: ^2.0.0
1365 silly placeDep ROOT call-bind-apply-helpers@1.0.2 OK for: get-intrinsic@1.3.0 want: ^1.0.2
1366 silly placeDep ROOT es-define-property@1.0.1 OK for: get-intrinsic@1.3.0 want: ^1.0.1
1367 silly placeDep ROOT es-object-atoms@1.1.1 OK for: get-intrinsic@1.3.0 want: ^1.1.1
1368 silly placeDep ROOT function-bind@1.1.2 OK for: get-intrinsic@1.3.0 want: ^1.1.2
1369 silly placeDep ROOT get-proto@1.0.1 OK for: get-intrinsic@1.3.0 want: ^1.0.1
1370 silly placeDep ROOT gopd@1.2.0 OK for: get-intrinsic@1.3.0 want: ^1.2.0
1371 silly placeDep ROOT has-symbols@1.1.0 OK for: get-intrinsic@1.3.0 want: ^1.1.0
1372 silly placeDep ROOT math-intrinsics@1.1.0 OK for: get-intrinsic@1.3.0 want: ^1.1.0
1373 silly fetch manifest dunder-proto@^1.0.1
1374 silly packumentCache full:https://registry.npmjs.org/dunder-proto cache-miss
1375 http fetch GET 200 https://registry.npmjs.org/dunder-proto 37ms (cache miss)
1376 silly packumentCache full:https://registry.npmjs.org/dunder-proto set size:undefined disposed:false
1377 silly placeDep ROOT dunder-proto@1.0.1 OK for: get-proto@1.0.1 want: ^1.0.1
1378 silly placeDep ROOT pump@3.0.3 OK for: get-stream@5.2.0 want: ^3.0.0
1379 silly fetch manifest end-of-stream@^1.1.0
1380 silly packumentCache full:https://registry.npmjs.org/end-of-stream cache-miss
1381 silly fetch manifest once@^1.3.1
1382 silly packumentCache full:https://registry.npmjs.org/once cache-miss
1383 http cache https://registry.npmjs.org/end-of-stream 1ms (cache hit)
1384 silly packumentCache full:https://registry.npmjs.org/end-of-stream set size:27842 disposed:false
1385 http fetch GET 200 https://registry.npmjs.org/once 40ms (cache miss)
1386 silly packumentCache full:https://registry.npmjs.org/once set size:undefined disposed:false
1387 silly placeDep ROOT minimatch@10.1.1 OK for: glob@13.0.0 want: ^10.1.1
1388 silly placeDep ROOT minipass@7.1.2 OK for: glob@13.0.0 want: ^7.1.2
1389 silly placeDep ROOT path-scurry@2.0.1 OK for: glob@13.0.0 want: ^2.0.0
1390 silly fetch manifest @isaacs/brace-expansion@^5.0.0
1391 silly packumentCache full:https://registry.npmjs.org/@isaacs%2fbrace-expansion cache-miss
1392 silly fetch manifest lru-cache@^11.0.0
1393 silly packumentCache full:https://registry.npmjs.org/lru-cache cache-miss
1394 http cache https://registry.npmjs.org/lru-cache 2ms (cache hit)
1395 silly packumentCache full:https://registry.npmjs.org/lru-cache set size:410669 disposed:false
1396 http fetch GET 200 https://registry.npmjs.org/@isaacs%2fbrace-expansion 291ms (cache miss)
1397 silly packumentCache full:https://registry.npmjs.org/@isaacs%2fbrace-expansion set size:undefined disposed:false
1398 silly placeDep ROOT agent-base@7.1.4 OK for: https-proxy-agent@7.0.6 want: ^7.1.2
1399 silly placeDep ROOT @types/json-schema@7.0.15 OK for: json-schema-to-ts@1.6.4 want: ^7.0.6
1400 silly placeDep ROOT ts-toolbelt@6.15.5 OK for: json-schema-to-ts@1.6.4 want: ^6.15.5
1401 silly placeDep ROOT arg@4.1.0 OK for: micro@9.3.5-canary.3 want: 4.1.0
1402 silly placeDep ROOT content-type@1.0.4 OK for: micro@9.3.5-canary.3 want: 1.0.4
1403 silly placeDep ROOT raw-body@2.4.1 OK for: micro@9.3.5-canary.3 want: 2.4.1
1404 silly fetch manifest bytes@3.1.0
1405 silly packumentCache full:https://registry.npmjs.org/bytes cache-miss
1406 silly fetch manifest unpipe@1.0.0
1407 silly packumentCache full:https://registry.npmjs.org/unpipe cache-miss
1408 silly fetch manifest iconv-lite@0.4.24
1409 silly packumentCache full:https://registry.npmjs.org/iconv-lite cache-miss
1410 silly fetch manifest http-errors@1.7.3
1411 silly packumentCache full:https://registry.npmjs.org/http-errors cache-miss
1412 http fetch GET 200 https://registry.npmjs.org/http-errors 56ms (cache miss)
1413 silly packumentCache full:https://registry.npmjs.org/http-errors set size:undefined disposed:false
1414 http fetch GET 200 https://registry.npmjs.org/unpipe 58ms (cache miss)
1415 silly packumentCache full:https://registry.npmjs.org/unpipe set size:undefined disposed:false
1416 http fetch GET 200 https://registry.npmjs.org/bytes 58ms (cache miss)
1417 silly packumentCache full:https://registry.npmjs.org/bytes set size:undefined disposed:false
1418 http fetch GET 200 https://registry.npmjs.org/iconv-lite 421ms (cache miss)
1419 silly packumentCache full:https://registry.npmjs.org/iconv-lite set size:undefined disposed:false
1420 silly placeDep ROOT mime-db@1.52.0 OK for: mime-types@2.1.35 want: 1.52.0
1421 silly placeDep ROOT @isaacs/brace-expansion@5.0.0 OK for: minimatch@10.1.1 want: ^5.0.0
1422 silly fetch manifest @isaacs/balanced-match@^4.0.1
1423 silly packumentCache full:https://registry.npmjs.org/@isaacs%2fbalanced-match cache-miss
1424 http fetch GET 200 https://registry.npmjs.org/@isaacs%2fbalanced-match 349ms (cache miss)
1425 silly packumentCache full:https://registry.npmjs.org/@isaacs%2fbalanced-match set size:undefined disposed:false
1426 silly placeDep ROOT @isaacs/balanced-match@4.0.1 OK for: @isaacs/brace-expansion@5.0.0 want: ^4.0.1
1427 silly placeDep ROOT whatwg-url@5.0.0 OK for: node-fetch@2.6.7 want: ^5.0.0
1428 silly fetch manifest tr46@~0.0.3
1429 silly packumentCache full:https://registry.npmjs.org/tr46 cache-miss
1430 silly fetch manifest webidl-conversions@^3.0.0
1431 silly packumentCache full:https://registry.npmjs.org/webidl-conversions cache-miss
1432 http fetch GET 200 https://registry.npmjs.org/tr46 53ms (cache miss)
1433 silly packumentCache full:https://registry.npmjs.org/tr46 set size:undefined disposed:false
1434 http fetch GET 200 https://registry.npmjs.org/webidl-conversions 54ms (cache miss)
1435 silly packumentCache full:https://registry.npmjs.org/webidl-conversions set size:undefined disposed:false
1436 silly placeDep ROOT abbrev@3.0.1 OK for: nopt@8.1.0 want: ^3.0.0
1437 silly placeDep ROOT mimic-fn@2.1.0 OK for: onetime@5.1.2 want: ^2.1.0
1438 silly placeDep ROOT @oxc-transform/binding-android-arm-eabi@0.111.0 OK for: oxc-transform@0.111.0 want: 0.111.0
1439 silly placeDep ROOT @oxc-transform/binding-android-arm64@0.111.0 OK for: oxc-transform@0.111.0 want: 0.111.0
1440 silly placeDep ROOT @oxc-transform/binding-darwin-arm64@0.111.0 OK for: oxc-transform@0.111.0 want: 0.111.0
1441 silly placeDep ROOT @oxc-transform/binding-darwin-x64@0.111.0 OK for: oxc-transform@0.111.0 want: 0.111.0
1442 silly placeDep ROOT @oxc-transform/binding-freebsd-x64@0.111.0 OK for: oxc-transform@0.111.0 want: 0.111.0
1443 silly placeDep ROOT @oxc-transform/binding-linux-arm-gnueabihf@0.111.0 OK for: oxc-transform@0.111.0 want: 0.111.0
1444 silly placeDep ROOT @oxc-transform/binding-linux-arm-musleabihf@0.111.0 OK for: oxc-transform@0.111.0 want: 0.111.0
1445 silly placeDep ROOT @oxc-transform/binding-linux-arm64-gnu@0.111.0 OK for: oxc-transform@0.111.0 want: 0.111.0
1446 silly placeDep ROOT @oxc-transform/binding-linux-arm64-musl@0.111.0 OK for: oxc-transform@0.111.0 want: 0.111.0
1447 silly placeDep ROOT @oxc-transform/binding-linux-ppc64-gnu@0.111.0 OK for: oxc-transform@0.111.0 want: 0.111.0
1448 silly placeDep ROOT @oxc-transform/binding-linux-riscv64-gnu@0.111.0 OK for: oxc-transform@0.111.0 want: 0.111.0
1449 silly placeDep ROOT @oxc-transform/binding-linux-riscv64-musl@0.111.0 OK for: oxc-transform@0.111.0 want: 0.111.0
1450 silly placeDep ROOT @oxc-transform/binding-linux-s390x-gnu@0.111.0 OK for: oxc-transform@0.111.0 want: 0.111.0
1451 silly placeDep ROOT @oxc-transform/binding-linux-x64-gnu@0.111.0 OK for: oxc-transform@0.111.0 want: 0.111.0
1452 silly placeDep ROOT @oxc-transform/binding-linux-x64-musl@0.111.0 OK for: oxc-transform@0.111.0 want: 0.111.0
1453 silly placeDep ROOT @oxc-transform/binding-openharmony-arm64@0.111.0 OK for: oxc-transform@0.111.0 want: 0.111.0
1454 silly placeDep ROOT @oxc-transform/binding-wasm32-wasi@0.111.0 OK for: oxc-transform@0.111.0 want: 0.111.0
1455 silly placeDep ROOT @oxc-transform/binding-win32-arm64-msvc@0.111.0 OK for: oxc-transform@0.111.0 want: 0.111.0
1456 silly placeDep ROOT @oxc-transform/binding-win32-ia32-msvc@0.111.0 OK for: oxc-transform@0.111.0 want: 0.111.0
1457 silly placeDep ROOT @oxc-transform/binding-win32-x64-msvc@0.111.0 OK for: oxc-transform@0.111.0 want: 0.111.0
1458 silly fetch manifest @napi-rs/wasm-runtime@^1.1.1
1459 silly packumentCache full:https://registry.npmjs.org/@napi-rs%2fwasm-runtime cache-miss
1460 http fetch GET 200 https://registry.npmjs.org/@napi-rs%2fwasm-runtime 69ms (cache miss)
1461 silly packumentCache full:https://registry.npmjs.org/@napi-rs%2fwasm-runtime set size:undefined disposed:false
1462 silly placeDep ROOT @napi-rs/wasm-runtime@1.1.1 OK for: @oxc-transform/binding-wasm32-wasi@0.111.0 want: ^1.1.1
1463 silly fetch manifest @emnapi/core@^1.7.1
1464 silly packumentCache full:https://registry.npmjs.org/@emnapi%2fcore cache-miss
1465 silly fetch manifest @emnapi/runtime@^1.7.1
1466 silly packumentCache full:https://registry.npmjs.org/@emnapi%2fruntime cache-miss
1467 silly fetch manifest @tybys/wasm-util@^0.10.1
1468 silly packumentCache full:https://registry.npmjs.org/@tybys%2fwasm-util cache-miss
1469 http fetch GET 200 https://registry.npmjs.org/@emnapi%2fruntime 58ms (cache miss)
1470 silly packumentCache full:https://registry.npmjs.org/@emnapi%2fruntime set size:undefined disposed:false
1471 http fetch GET 200 https://registry.npmjs.org/@tybys%2fwasm-util 60ms (cache miss)
1472 silly packumentCache full:https://registry.npmjs.org/@tybys%2fwasm-util set size:undefined disposed:false
1473 http fetch GET 200 https://registry.npmjs.org/@emnapi%2fcore 432ms (cache miss)
1474 silly packumentCache full:https://registry.npmjs.org/@emnapi%2fcore set size:undefined disposed:false
1475 silly placeDep ROOT @emnapi/core@1.8.1 OK for: @napi-rs/wasm-runtime@1.1.1 want: ^1.7.1
1476 silly placeDep ROOT @emnapi/runtime@1.8.1 OK for: @napi-rs/wasm-runtime@1.1.1 want: ^1.7.1
1477 silly placeDep ROOT @tybys/wasm-util@0.10.1 OK for: @napi-rs/wasm-runtime@1.1.1 want: ^0.10.1
1478 silly fetch manifest @emnapi/wasi-threads@1.1.0
1479 silly packumentCache full:https://registry.npmjs.org/@emnapi%2fwasi-threads cache-miss
1480 silly fetch manifest tslib@^2.4.0
1481 silly packumentCache full:https://registry.npmjs.org/tslib cache-miss
1482 silly fetch manifest tslib@^2.4.0
1483 silly packumentCache full:https://registry.npmjs.org/tslib cache-miss
1484 silly fetch manifest tslib@^2.4.0
1485 silly packumentCache full:https://registry.npmjs.org/tslib cache-miss
1486 http fetch GET 200 https://registry.npmjs.org/tslib 86ms (cache miss)
1487 silly packumentCache full:https://registry.npmjs.org/tslib set size:undefined disposed:false
1488 http fetch GET 200 https://registry.npmjs.org/tslib 88ms (cache miss)
1489 silly packumentCache full:https://registry.npmjs.org/tslib set size:undefined disposed:false
1490 http fetch GET 200 https://registry.npmjs.org/tslib 103ms (cache miss)
1491 silly packumentCache full:https://registry.npmjs.org/tslib set size:undefined disposed:false
1492 http fetch GET 200 https://registry.npmjs.org/@emnapi%2fwasi-threads 341ms (cache miss)
1493 silly packumentCache full:https://registry.npmjs.org/@emnapi%2fwasi-threads set size:undefined disposed:false
1494 silly placeDep ROOT @emnapi/wasi-threads@1.1.0 OK for: @emnapi/core@1.8.1 want: 1.1.0
1495 silly placeDep ROOT tslib@2.8.1 OK for: @emnapi/core@1.8.1 want: ^2.4.0
1496 silly placeDep ROOT lru-cache@11.2.5 OK for: path-scurry@2.0.1 want: ^11.0.0
1497 silly placeDep ROOT parse-ms@2.1.0 OK for: pretty-ms@7.0.1 want: ^2.1.0
1498 silly placeDep ROOT end-of-stream@1.4.5 OK for: pump@3.0.3 want: ^1.1.0
1499 silly placeDep ROOT once@1.4.0 OK for: pump@3.0.3 want: ^1.3.1
1500 silly fetch manifest once@^1.4.0
1501 silly packumentCache full:https://registry.npmjs.org/once cache-miss
1502 silly fetch manifest wrappy@1
1503 silly packumentCache full:https://registry.npmjs.org/wrappy cache-miss
1504 http cache https://registry.npmjs.org/once 3ms (cache hit)
1505 silly packumentCache full:https://registry.npmjs.org/once set size:11768 disposed:false
1506 http fetch GET 200 https://registry.npmjs.org/wrappy 39ms (cache miss)
1507 silly packumentCache full:https://registry.npmjs.org/wrappy set size:undefined disposed:false
1508 silly placeDep ROOT wrappy@1.0.2 OK for: once@1.4.0 want: 1
1509 silly placeDep ROOT bytes@3.1.0 OK for: raw-body@2.4.1 want: 3.1.0
1510 silly placeDep ROOT http-errors@1.7.3 OK for: raw-body@2.4.1 want: 1.7.3
1511 silly placeDep ROOT iconv-lite@0.4.24 OK for: raw-body@2.4.1 want: 0.4.24
1512 silly placeDep ROOT unpipe@1.0.0 OK for: raw-body@2.4.1 want: 1.0.0
1513 silly fetch manifest depd@~1.1.2
1514 silly packumentCache full:https://registry.npmjs.org/depd cache-miss
1515 silly fetch manifest inherits@2.0.4
1516 silly packumentCache full:https://registry.npmjs.org/inherits cache-miss
1517 silly fetch manifest statuses@>= 1.5.0 < 2
1518 silly packumentCache full:https://registry.npmjs.org/statuses cache-miss
1519 silly fetch manifest toidentifier@1.0.0
1520 silly packumentCache full:https://registry.npmjs.org/toidentifier cache-miss
1521 silly fetch manifest setprototypeof@1.1.1
1522 silly packumentCache full:https://registry.npmjs.org/setprototypeof cache-miss
1523 silly fetch manifest safer-buffer@>= 2.1.2 < 3
1524 silly packumentCache full:https://registry.npmjs.org/safer-buffer cache-miss
1525 http fetch GET 200 https://registry.npmjs.org/depd 43ms (cache miss)
1526 silly packumentCache full:https://registry.npmjs.org/depd set size:undefined disposed:false
1527 http fetch GET 200 https://registry.npmjs.org/inherits 47ms (cache miss)
1528 silly packumentCache full:https://registry.npmjs.org/inherits set size:undefined disposed:false
1529 http fetch GET 200 https://registry.npmjs.org/toidentifier 54ms (cache miss)
1530 silly packumentCache full:https://registry.npmjs.org/toidentifier set size:undefined disposed:false
1531 http fetch GET 200 https://registry.npmjs.org/safer-buffer 57ms (cache miss)
1532 silly packumentCache full:https://registry.npmjs.org/safer-buffer set size:undefined disposed:false
1533 http fetch GET 200 https://registry.npmjs.org/statuses 62ms (cache miss)
1534 silly packumentCache full:https://registry.npmjs.org/statuses set size:undefined disposed:false
1535 http fetch GET 200 https://registry.npmjs.org/setprototypeof 492ms (cache miss)
1536 silly packumentCache full:https://registry.npmjs.org/setprototypeof set size:undefined disposed:false
1537 silly placeDep ROOT depd@1.1.2 OK for: http-errors@1.7.3 want: ~1.1.2
1538 silly placeDep ROOT inherits@2.0.4 OK for: http-errors@1.7.3 want: 2.0.4
1539 silly placeDep ROOT setprototypeof@1.1.1 OK for: http-errors@1.7.3 want: 1.1.1
1540 silly placeDep ROOT statuses@1.5.0 OK for: http-errors@1.7.3 want: >= 1.5.0 < 2
1541 silly placeDep ROOT toidentifier@1.0.0 OK for: http-errors@1.7.3 want: 1.0.0
1542 silly placeDep ROOT safer-buffer@2.1.2 OK for: iconv-lite@0.4.24 want: >= 2.1.2 < 3
1543 silly placeDep ROOT @oxc-project/types@0.110.0 OK for: rolldown@1.0.0-rc.1 want: =0.110.0
1544 silly placeDep ROOT @rolldown/binding-android-arm64@1.0.0-rc.1 OK for: rolldown@1.0.0-rc.1 want: 1.0.0-rc.1
1545 silly placeDep ROOT @rolldown/binding-darwin-arm64@1.0.0-rc.1 OK for: rolldown@1.0.0-rc.1 want: 1.0.0-rc.1
1546 silly placeDep ROOT @rolldown/binding-darwin-x64@1.0.0-rc.1 OK for: rolldown@1.0.0-rc.1 want: 1.0.0-rc.1
1547 silly placeDep ROOT @rolldown/binding-freebsd-x64@1.0.0-rc.1 OK for: rolldown@1.0.0-rc.1 want: 1.0.0-rc.1
1548 silly placeDep ROOT @rolldown/binding-linux-arm-gnueabihf@1.0.0-rc.1 OK for: rolldown@1.0.0-rc.1 want: 1.0.0-rc.1
1549 silly placeDep ROOT @rolldown/binding-linux-arm64-gnu@1.0.0-rc.1 OK for: rolldown@1.0.0-rc.1 want: 1.0.0-rc.1
1550 silly placeDep ROOT @rolldown/binding-linux-arm64-musl@1.0.0-rc.1 OK for: rolldown@1.0.0-rc.1 want: 1.0.0-rc.1
1551 silly placeDep ROOT @rolldown/binding-linux-x64-gnu@1.0.0-rc.1 OK for: rolldown@1.0.0-rc.1 want: 1.0.0-rc.1
1552 silly placeDep ROOT @rolldown/binding-linux-x64-musl@1.0.0-rc.1 OK for: rolldown@1.0.0-rc.1 want: 1.0.0-rc.1
1553 silly placeDep ROOT @rolldown/binding-openharmony-arm64@1.0.0-rc.1 OK for: rolldown@1.0.0-rc.1 want: 1.0.0-rc.1
1554 silly placeDep ROOT @rolldown/binding-wasm32-wasi@1.0.0-rc.1 OK for: rolldown@1.0.0-rc.1 want: 1.0.0-rc.1
1555 silly placeDep ROOT @rolldown/binding-win32-arm64-msvc@1.0.0-rc.1 OK for: rolldown@1.0.0-rc.1 want: 1.0.0-rc.1
1556 silly placeDep ROOT @rolldown/binding-win32-x64-msvc@1.0.0-rc.1 OK for: rolldown@1.0.0-rc.1 want: 1.0.0-rc.1
1557 silly placeDep ROOT @rolldown/pluginutils@1.0.0-rc.1 OK for: rolldown@1.0.0-rc.1 want: 1.0.0-rc.1
1558 silly placeDep node_modules/semver lru-cache@6.0.0 OK for: semver@7.5.4 want: ^6.0.0
1559 silly placeDep ROOT shebang-regex@3.0.0 OK for: shebang-command@2.0.0 want: ^3.0.0
1560 silly placeDep ROOT cookie-es@2.0.0 OK for: srvx@0.8.9 want: ^2.0.0
1561 silly placeDep ROOT any-promise@1.3.0 OK for: stream-to-promise@2.2.0 want: ~1.3.0
1562 silly placeDep node_modules/stream-to-promise end-of-stream@1.1.0 OK for: stream-to-promise@2.2.0 want: ~1.1.0
1563 silly placeDep ROOT stream-to-array@2.3.0 OK for: stream-to-promise@2.2.0 want: ~2.3.0
1564 silly fetch manifest once@~1.3.0
1565 silly packumentCache full:https://registry.npmjs.org/once cache-hit
1566 silly placeDep ROOT chownr@2.0.0 OK for: tar@6.2.1 want: ^2.0.0
1567 silly placeDep ROOT fs-minipass@2.1.0 OK for: tar@6.2.1 want: ^2.0.0
1568 silly placeDep node_modules/tar minipass@5.0.0 OK for: tar@6.2.1 want: ^5.0.0
1569 silly placeDep ROOT minizlib@2.1.2 OK for: tar@6.2.1 want: ^2.1.1
1570 silly placeDep ROOT mkdirp@1.0.4 OK for: tar@6.2.1 want: ^1.0.3
1571 silly placeDep ROOT yallist@4.0.0 OK for: tar@6.2.1 want: ^4.0.0
1572 silly fetch manifest minipass@^3.0.0
1573 silly packumentCache full:https://registry.npmjs.org/minipass cache-hit
1574 silly fetch manifest minipass@^3.0.0
1575 silly packumentCache full:https://registry.npmjs.org/minipass cache-hit
1576 silly placeDep node_modules/fs-minipass minipass@3.3.6 OK for: fs-minipass@2.1.0 want: ^3.0.0
1577 silly placeDep node_modules/minizlib minipass@3.3.6 OK for: minizlib@2.1.2 want: ^3.0.0
1578 silly placeDep ROOT convert-hrtime@3.0.0 OK for: time-span@4.0.0 want: ^3.0.0
1579 silly placeDep ROOT @ts-morph/common@0.11.1 OK for: ts-morph@12.0.0 want: ~0.11.0
1580 silly placeDep ROOT code-block-writer@10.1.1 OK for: ts-morph@12.0.0 want: ^10.1.1
1581 silly fetch manifest fast-glob@^3.2.7
1582 silly packumentCache full:https://registry.npmjs.org/fast-glob cache-miss
1583 silly fetch manifest minimatch@^3.0.4
1584 silly packumentCache full:https://registry.npmjs.org/minimatch cache-miss
1585 silly fetch manifest path-browserify@^1.0.1
1586 silly packumentCache full:https://registry.npmjs.org/path-browserify cache-miss
1587 http cache https://registry.npmjs.org/minimatch 3ms (cache hit)
1588 silly packumentCache full:https://registry.npmjs.org/minimatch set size:303959 disposed:false
1589 http fetch GET 200 https://registry.npmjs.org/path-browserify 38ms (cache miss)
1590 silly packumentCache full:https://registry.npmjs.org/path-browserify set size:undefined disposed:false
1591 http fetch GET 200 https://registry.npmjs.org/fast-glob 180ms (cache miss)
1592 silly packumentCache full:https://registry.npmjs.org/fast-glob set size:undefined disposed:false
1593 silly placeDep ROOT fast-glob@3.3.3 OK for: @ts-morph/common@0.11.1 want: ^3.2.7
1594 silly placeDep node_modules/@ts-morph/common minimatch@3.1.2 OK for: @ts-morph/common@0.11.1 want: ^3.0.4
1595 silly placeDep ROOT path-browserify@1.0.1 OK for: @ts-morph/common@0.11.1 want: ^1.0.1
1596 silly fetch manifest @nodelib/fs.stat@^2.0.2
1597 silly packumentCache full:https://registry.npmjs.org/@nodelib%2ffs.stat cache-miss
1598 silly fetch manifest @nodelib/fs.walk@^1.2.3
1599 silly packumentCache full:https://registry.npmjs.org/@nodelib%2ffs.walk cache-miss
1600 silly fetch manifest glob-parent@^5.1.2
1601 silly packumentCache full:https://registry.npmjs.org/glob-parent cache-miss
1602 silly fetch manifest merge2@^1.3.0
1603 silly packumentCache full:https://registry.npmjs.org/merge2 cache-miss
1604 silly fetch manifest micromatch@^4.0.8
1605 silly packumentCache full:https://registry.npmjs.org/micromatch cache-miss
1606 silly fetch manifest brace-expansion@^1.1.7
1607 silly packumentCache full:https://registry.npmjs.org/brace-expansion cache-miss
1608 http fetch GET 200 https://registry.npmjs.org/brace-expansion 50ms (cache miss)
1609 silly packumentCache full:https://registry.npmjs.org/brace-expansion set size:undefined disposed:false
1610 http fetch GET 200 https://registry.npmjs.org/glob-parent 53ms (cache miss)
1611 silly packumentCache full:https://registry.npmjs.org/glob-parent set size:undefined disposed:false
1612 http fetch GET 200 https://registry.npmjs.org/micromatch 66ms (cache miss)
1613 silly packumentCache full:https://registry.npmjs.org/micromatch set size:undefined disposed:false
1614 http fetch GET 200 https://registry.npmjs.org/@nodelib%2ffs.stat 69ms (cache miss)
1615 silly packumentCache full:https://registry.npmjs.org/@nodelib%2ffs.stat set size:undefined disposed:false
1616 http fetch GET 200 https://registry.npmjs.org/@nodelib%2ffs.walk 74ms (cache miss)
1617 silly packumentCache full:https://registry.npmjs.org/@nodelib%2ffs.walk set size:undefined disposed:false
1618 http fetch GET 200 https://registry.npmjs.org/merge2 77ms (cache miss)
1619 silly packumentCache full:https://registry.npmjs.org/merge2 set size:undefined disposed:false
1620 silly placeDep ROOT @nodelib/fs.stat@2.0.5 OK for: fast-glob@3.3.3 want: ^2.0.2
1621 silly placeDep ROOT @nodelib/fs.walk@1.2.8 OK for: fast-glob@3.3.3 want: ^1.2.3
1622 silly placeDep ROOT glob-parent@5.1.2 OK for: fast-glob@3.3.3 want: ^5.1.2
1623 silly placeDep ROOT merge2@1.4.1 OK for: fast-glob@3.3.3 want: ^1.3.0
1624 silly placeDep ROOT micromatch@4.0.8 OK for: fast-glob@3.3.3 want: ^4.0.8
1625 silly fetch manifest fastq@^1.6.0
1626 silly packumentCache full:https://registry.npmjs.org/fastq cache-miss
1627 silly fetch manifest @nodelib/fs.scandir@2.1.5
1628 silly packumentCache full:https://registry.npmjs.org/@nodelib%2ffs.scandir cache-miss
1629 silly fetch manifest is-glob@^4.0.1
1630 silly packumentCache full:https://registry.npmjs.org/is-glob cache-miss
1631 silly fetch manifest braces@^3.0.3
1632 silly packumentCache full:https://registry.npmjs.org/braces cache-miss
1633 silly fetch manifest picomatch@^2.3.1
1634 silly packumentCache full:https://registry.npmjs.org/picomatch cache-miss
1635 http cache https://registry.npmjs.org/picomatch 2ms (cache hit)
1636 silly packumentCache full:https://registry.npmjs.org/picomatch set size:118818 disposed:false
1637 http fetch GET 200 https://registry.npmjs.org/is-glob 44ms (cache miss)
1638 silly packumentCache full:https://registry.npmjs.org/is-glob set size:undefined disposed:false
1639 http fetch GET 200 https://registry.npmjs.org/braces 59ms (cache miss)
1640 silly packumentCache full:https://registry.npmjs.org/braces set size:undefined disposed:false
1641 http fetch GET 200 https://registry.npmjs.org/fastq 65ms (cache miss)
1642 silly packumentCache full:https://registry.npmjs.org/fastq set size:undefined disposed:false
1643 http fetch GET 200 https://registry.npmjs.org/@nodelib%2ffs.scandir 101ms (cache miss)
1644 silly packumentCache full:https://registry.npmjs.org/@nodelib%2ffs.scandir set size:undefined disposed:false
1645 silly placeDep ROOT @nodelib/fs.scandir@2.1.5 OK for: @nodelib/fs.walk@1.2.8 want: 2.1.5
1646 silly placeDep ROOT fastq@1.20.1 OK for: @nodelib/fs.walk@1.2.8 want: ^1.6.0
1647 silly fetch manifest run-parallel@^1.1.9
1648 silly packumentCache full:https://registry.npmjs.org/run-parallel cache-miss
1649 silly fetch manifest reusify@^1.0.4
1650 silly packumentCache full:https://registry.npmjs.org/reusify cache-miss
1651 http fetch GET 200 https://registry.npmjs.org/run-parallel 35ms (cache miss)
1652 silly packumentCache full:https://registry.npmjs.org/run-parallel set size:undefined disposed:false
1653 http fetch GET 200 https://registry.npmjs.org/reusify 38ms (cache miss)
1654 silly packumentCache full:https://registry.npmjs.org/reusify set size:undefined disposed:false
1655 silly placeDep ROOT run-parallel@1.2.0 OK for: @nodelib/fs.scandir@2.1.5 want: ^1.1.9
1656 silly fetch manifest queue-microtask@^1.2.2
1657 silly packumentCache full:https://registry.npmjs.org/queue-microtask cache-miss
1658 http fetch GET 200 https://registry.npmjs.org/queue-microtask 42ms (cache miss)
1659 silly packumentCache full:https://registry.npmjs.org/queue-microtask set size:undefined disposed:false
1660 silly placeDep ROOT reusify@1.1.0 OK for: fastq@1.20.1 want: ^1.0.4
1661 silly placeDep ROOT is-glob@4.0.3 OK for: glob-parent@5.1.2 want: ^4.0.1
1662 silly fetch manifest is-extglob@^2.1.1
1663 silly packumentCache full:https://registry.npmjs.org/is-extglob cache-miss
1664 http fetch GET 200 https://registry.npmjs.org/is-extglob 35ms (cache miss)
1665 silly packumentCache full:https://registry.npmjs.org/is-extglob set size:undefined disposed:false
1666 silly placeDep ROOT is-extglob@2.1.1 OK for: is-glob@4.0.3 want: ^2.1.1
1667 silly placeDep ROOT braces@3.0.3 OK for: micromatch@4.0.8 want: ^3.0.3
1668 silly placeDep node_modules/micromatch picomatch@2.3.1 OK for: micromatch@4.0.8 want: ^2.3.1
1669 silly fetch manifest fill-range@^7.1.1
1670 silly packumentCache full:https://registry.npmjs.org/fill-range cache-miss
1671 http fetch GET 200 https://registry.npmjs.org/fill-range 39ms (cache miss)
1672 silly packumentCache full:https://registry.npmjs.org/fill-range set size:undefined disposed:false
1673 silly placeDep ROOT fill-range@7.1.1 OK for: braces@3.0.3 want: ^7.1.1
1674 silly fetch manifest to-regex-range@^5.0.1
1675 silly packumentCache full:https://registry.npmjs.org/to-regex-range cache-miss
1676 http fetch GET 200 https://registry.npmjs.org/to-regex-range 66ms (cache miss)
1677 silly packumentCache full:https://registry.npmjs.org/to-regex-range set size:undefined disposed:false
1678 silly placeDep ROOT to-regex-range@5.0.1 OK for: fill-range@7.1.1 want: ^5.0.1
1679 silly fetch manifest is-number@^7.0.0
1680 silly packumentCache full:https://registry.npmjs.org/is-number cache-miss
1681 http fetch GET 200 https://registry.npmjs.org/is-number 40ms (cache miss)
1682 silly packumentCache full:https://registry.npmjs.org/is-number set size:undefined disposed:false
1683 silly placeDep ROOT queue-microtask@1.2.3 OK for: run-parallel@1.2.0 want: ^1.2.2
1684 silly placeDep ROOT is-number@7.0.0 OK for: to-regex-range@5.0.1 want: ^7.0.0
1685 silly placeDep ROOT @cspotcode/source-map-support@0.8.1 OK for: ts-node@10.9.1 want: ^0.8.0
1686 silly placeDep ROOT @tsconfig/node10@1.0.12 OK for: ts-node@10.9.1 want: ^1.0.7
1687 silly placeDep ROOT @tsconfig/node12@1.0.11 OK for: ts-node@10.9.1 want: ^1.0.7
1688 silly placeDep ROOT @tsconfig/node14@1.0.3 OK for: ts-node@10.9.1 want: ^1.0.0
1689 silly placeDep ROOT @tsconfig/node16@1.0.4 OK for: ts-node@10.9.1 want: ^1.0.2
1690 silly placeDep ROOT acorn-walk@8.3.4 OK for: ts-node@10.9.1 want: ^8.1.1
1691 silly placeDep ROOT create-require@1.1.1 OK for: ts-node@10.9.1 want: ^1.1.0
1692 silly placeDep ROOT diff@4.0.4 OK for: ts-node@10.9.1 want: ^4.0.1
1693 silly placeDep ROOT make-error@1.3.6 OK for: ts-node@10.9.1 want: ^1.1.1
1694 silly placeDep ROOT v8-compile-cache-lib@3.0.1 OK for: ts-node@10.9.1 want: ^3.0.1
1695 silly placeDep ROOT yn@3.1.1 OK for: ts-node@10.9.1 want: 3.1.1
1696 silly fetch manifest @jridgewell/trace-mapping@0.3.9
1697 silly packumentCache full:https://registry.npmjs.org/@jridgewell%2ftrace-mapping cache-miss
1698 http fetch GET 200 https://registry.npmjs.org/@jridgewell%2ftrace-mapping 137ms (cache miss)
1699 silly packumentCache full:https://registry.npmjs.org/@jridgewell%2ftrace-mapping set size:undefined disposed:false
1700 silly placeDep ROOT @jridgewell/trace-mapping@0.3.9 OK for: @cspotcode/source-map-support@0.8.1 want: 0.3.9
1701 silly fetch manifest @jridgewell/resolve-uri@^3.0.3
1702 silly packumentCache full:https://registry.npmjs.org/@jridgewell%2fresolve-uri cache-miss
1703 silly fetch manifest @jridgewell/sourcemap-codec@^1.4.10
1704 silly packumentCache full:https://registry.npmjs.org/@jridgewell%2fsourcemap-codec cache-miss
1705 http fetch GET 200 https://registry.npmjs.org/@jridgewell%2fresolve-uri 53ms (cache miss)
1706 silly packumentCache full:https://registry.npmjs.org/@jridgewell%2fresolve-uri set size:undefined disposed:false
1707 http fetch GET 200 https://registry.npmjs.org/@jridgewell%2fsourcemap-codec 55ms (cache miss)
1708 silly packumentCache full:https://registry.npmjs.org/@jridgewell%2fsourcemap-codec set size:undefined disposed:false
1709 silly placeDep ROOT @jridgewell/resolve-uri@3.1.2 OK for: @jridgewell/trace-mapping@0.3.9 want: ^3.0.3
1710 silly placeDep ROOT @jridgewell/sourcemap-codec@1.5.5 OK for: @jridgewell/trace-mapping@0.3.9 want: ^1.4.10
1711 silly placeDep ROOT fsevents@2.3.3 OK for: tsx@4.21.0 want: ~2.3.3
1712 silly placeDep ROOT get-tsconfig@4.13.1 OK for: tsx@4.21.0 want: ^4.7.5
1713 silly fetch manifest resolve-pkg-maps@^1.0.0
1714 silly packumentCache full:https://registry.npmjs.org/resolve-pkg-maps cache-miss
1715 http fetch GET 200 https://registry.npmjs.org/resolve-pkg-maps 39ms (cache miss)
1716 silly packumentCache full:https://registry.npmjs.org/resolve-pkg-maps set size:undefined disposed:false
1717 silly placeDep ROOT resolve-pkg-maps@1.0.0 OK for: get-tsconfig@4.13.1 want: ^1.0.0
1718 silly placeDep ROOT @fastify/busboy@2.1.1 OK for: undici@5.29.0 want: ^2.0.0
1719 silly placeDep ROOT punycode@2.3.1 OK for: uri-js@4.4.1 want: ^2.1.0
1720 silly placeDep ROOT tr46@0.0.3 OK for: whatwg-url@5.0.0 want: ~0.0.3
1721 silly placeDep ROOT webidl-conversions@3.0.1 OK for: whatwg-url@5.0.0 want: ^3.0.0
1722 silly placeDep ROOT isexe@2.0.0 OK for: which@2.0.2 want: ^2.0.0
1723 silly placeDep ROOT xdg-portable@7.3.0 OK for: xdg-app-paths@5.1.0 want: ^7.0.0
1724 silly fetch manifest os-paths@^4.0.1
1725 silly packumentCache full:https://registry.npmjs.org/os-paths cache-miss
1726 http fetch GET 200 https://registry.npmjs.org/os-paths 188ms (cache miss)
1727 silly packumentCache full:https://registry.npmjs.org/os-paths set size:undefined disposed:false
1728 silly placeDep ROOT os-paths@4.4.0 OK for: xdg-portable@7.3.0 want: ^4.0.1
1729 silly placeDep ROOT yauzl@2.10.0 OK for: yauzl-promise@2.1.3 want: ^2.9.1
1730 silly placeDep ROOT yauzl-clone@1.0.4 OK for: yauzl-promise@2.1.3 want: ^1.0.4
1731 silly fetch manifest fd-slicer@~1.1.0
1732 silly packumentCache full:https://registry.npmjs.org/fd-slicer cache-miss
1733 silly fetch manifest buffer-crc32@~0.2.3
1734 silly packumentCache full:https://registry.npmjs.org/buffer-crc32 cache-miss
1735 silly fetch manifest events-intercept@^2.0.0
1736 silly packumentCache full:https://registry.npmjs.org/events-intercept cache-miss
1737 http fetch GET 200 https://registry.npmjs.org/fd-slicer 35ms (cache miss)
1738 silly packumentCache full:https://registry.npmjs.org/fd-slicer set size:undefined disposed:false
1739 http fetch GET 200 https://registry.npmjs.org/events-intercept 41ms (cache miss)
1740 silly packumentCache full:https://registry.npmjs.org/events-intercept set size:undefined disposed:false
1741 http fetch GET 200 https://registry.npmjs.org/buffer-crc32 45ms (cache miss)
1742 silly packumentCache full:https://registry.npmjs.org/buffer-crc32 set size:undefined disposed:false
1743 silly placeDep ROOT buffer-crc32@0.2.13 OK for: yauzl@2.10.0 want: ~0.2.3
1744 silly placeDep ROOT fd-slicer@1.1.0 OK for: yauzl@2.10.0 want: ~1.1.0
1745 silly fetch manifest pend@~1.2.0
1746 silly packumentCache full:https://registry.npmjs.org/pend cache-miss
1747 http fetch GET 200 https://registry.npmjs.org/pend 43ms (cache miss)
1748 silly packumentCache full:https://registry.npmjs.org/pend set size:undefined disposed:false
1749 silly placeDep ROOT pend@1.2.0 OK for: fd-slicer@1.1.0 want: ~1.2.0
1750 silly placeDep ROOT events-intercept@2.0.0 OK for: yauzl-clone@1.0.4 want: ^2.0.0
1751 silly placeDep ROOT @isaacs/fs-minipass@4.0.1 OK for: tar@7.5.7 want: ^4.0.0
1752 silly placeDep node_modules/@mapbox/node-pre-gyp chownr@3.0.0 OK for: tar@7.5.7 want: ^3.0.0
1753 silly placeDep node_modules/@mapbox/node-pre-gyp minizlib@3.1.0 OK for: tar@7.5.7 want: ^3.1.0
1754 silly placeDep node_modules/@mapbox/node-pre-gyp yallist@5.0.0 OK for: tar@7.5.7 want: ^5.0.0
1755 silly placeDep ROOT brace-expansion@1.1.12 OK for: minimatch@3.1.2 want: ^1.1.7
1756 silly fetch manifest balanced-match@^1.0.0
1757 silly packumentCache full:https://registry.npmjs.org/balanced-match cache-miss
1758 silly fetch manifest concat-map@0.0.1
1759 silly packumentCache full:https://registry.npmjs.org/concat-map cache-miss
1760 http fetch GET 200 https://registry.npmjs.org/concat-map 41ms (cache miss)
1761 silly packumentCache full:https://registry.npmjs.org/concat-map set size:undefined disposed:false
1762 http fetch GET 200 https://registry.npmjs.org/balanced-match 42ms (cache miss)
1763 silly packumentCache full:https://registry.npmjs.org/balanced-match set size:undefined disposed:false
1764 silly placeDep ROOT balanced-match@1.0.2 OK for: brace-expansion@1.1.12 want: ^1.0.0
1765 silly placeDep ROOT concat-map@0.0.1 OK for: brace-expansion@1.1.12 want: 0.0.1
1766 silly placeDep node_modules/@vercel/rust get-stream@6.0.1 OK for: execa@5.1.1 want: ^6.0.0
1767 silly placeDep node_modules/@vercel/rust human-signals@2.1.0 OK for: execa@5.1.1 want: ^2.1.0
1768 silly placeDep node_modules/@vercel/rust signal-exit@3.0.7 OK for: execa@5.1.1 want: ^3.0.3
1769 silly placeDep node_modules/stream-to-promise once@1.3.3 OK for: end-of-stream@1.1.0 want: ~1.3.0
1770 silly reify moves {}
1771 silly audit bulk request {
1771 silly audit   vercel: [ '50.9.6' ],
1771 silly audit   '@vercel/backends': [ '0.0.24' ],
1771 silly audit   '@vercel/blob': [ '1.0.2' ],
1771 silly audit   '@vercel/build-utils': [ '13.2.16' ],
1771 silly audit   '@vercel/detect-agent': [ '1.1.0' ],
1771 silly audit   '@vercel/elysia': [ '0.1.27' ],
1771 silly audit   '@vercel/express': [ '0.1.35' ],
1771 silly audit   '@vercel/fastify': [ '0.1.30' ],
1771 silly audit   '@vercel/fun': [ '1.2.1' ],
1771 silly audit   '@vercel/go': [ '3.3.4' ],
1771 silly audit   '@vercel/h3': [ '0.1.36' ],
1771 silly audit   '@vercel/hono': [ '0.2.30' ],
1771 silly audit   '@vercel/hydrogen': [ '1.3.5' ],
1771 silly audit   '@vercel/koa': [ '0.1.10' ],
1771 silly audit   '@vercel/nestjs': [ '0.2.31' ],
1771 silly audit   '@vercel/next': [ '4.15.20' ],
1771 silly audit   '@vercel/node': [ '5.5.28' ],
1771 silly audit   '@vercel/python': [ '6.4.2' ],
1771 silly audit   '@vercel/redwood': [ '2.4.9' ],
1771 silly audit   '@vercel/remix-builder': [ '5.5.9' ],
1771 silly audit   '@vercel/ruby': [ '2.2.5' ],
1771 silly audit   '@vercel/rust': [ '1.0.5' ],
1771 silly audit   '@vercel/static-build': [ '2.8.28' ],
1771 silly audit   chokidar: [ '4.0.0' ],
1771 silly audit   esbuild: [ '0.27.0' ],
1771 silly audit   'form-data': [ '4.0.5' ],
1771 silly audit   jose: [ '5.9.6' ],
1771 silly audit   '@vercel/cervel': [ '0.0.11' ],
1771 silly audit   typescript: [ '5.9.3', '4.9.5' ],
1771 silly audit   '@vercel/introspection': [ '0.0.10' ],
1771 silly audit   'fs-extra': [ '11.1.0' ],
1771 silly audit   'async-retry': [ '1.3.3' ],
1771 silly audit   'is-buffer': [ '2.0.5' ],
1771 silly audit   'is-node-process': [ '1.2.0' ],
1771 silly audit   throttleit: [ '2.1.0' ],
1771 silly audit   undici: [ '5.29.0', '5.28.4' ],
1771 silly audit   '@vercel/nft': [ '1.3.0', '1.1.1' ],
1771 silly audit   execa: [ '3.2.0', '5.1.1' ],
1771 silly audit   nf3: [ '0.3.6' ],
1771 silly audit   'oxc-transform': [ '0.111.0' ],
1771 silly audit   'resolve.exports': [ '2.0.3' ],
1771 silly audit   rolldown: [ '1.0.0-rc.1' ],
1771 silly audit   srvx: [ '0.8.9' ],
1771 silly audit   tsx: [ '4.21.0' ],
1771 silly audit   '@vercel/static-config': [ '3.1.2' ],
1771 silly audit   'path-to-regexp': [ '8.3.0', '8.2.0', '6.1.0', '6.3.0' ],
1771 silly audit   'ts-morph': [ '12.0.0' ],
1771 silly audit   zod: [ '3.22.4' ],
1771 silly audit   '@tootallnate/once': [ '2.0.0' ],
1771 silly audit   'async-listen': [ '1.2.0', '3.0.0', '3.0.1' ],
1771 silly audit   debug: [ '4.3.4' ],
1771 silly audit   'generic-pool': [ '3.4.2' ],
1771 silly audit   micro: [ '9.3.5-canary.3' ],
1771 silly audit   ms: [ '2.1.1', '2.1.2' ],
1771 silly audit   'node-fetch': [ '2.6.7', '2.6.9' ],
1771 silly audit   promisepipe: [ '3.0.0' ],
1771 silly audit   semver: [ '7.5.4', '6.3.1' ],
1771 silly audit   'stat-mode': [ '0.3.0' ],
1771 silly audit   'stream-to-promise': [ '2.2.0' ],
1771 silly audit   tar: [ '6.2.1', '7.5.7' ],
1771 silly audit   tinyexec: [ '0.3.2' ],
1771 silly audit   'tree-kill': [ '1.2.2' ],
1771 silly audit   'uid-promise': [ '1.0.0' ],
1771 silly audit   'xdg-app-paths': [ '5.1.0' ],
1771 silly audit   'yauzl-promise': [ '2.1.3' ],
1771 silly audit   '@mapbox/node-pre-gyp': [ '2.0.3' ],
1771 silly audit   '@rollup/pluginutils': [ '5.3.0' ],
1771 silly audit   acorn: [ '8.15.0' ],
1771 silly audit   'acorn-import-attributes': [ '1.9.5' ],
1771 silly audit   'async-sema': [ '3.1.1' ],
1771 silly audit   bindings: [ '1.5.0' ],
1771 silly audit   'estree-walker': [ '2.0.2' ],
1771 silly audit   glob: [ '13.0.0' ],
1771 silly audit   'graceful-fs': [ '4.2.11' ],
1771 silly audit   'node-gyp-build': [ '4.8.4' ],
1771 silly audit   picomatch: [ '4.0.3', '2.3.1' ],
1771 silly audit   'resolve-from': [ '5.0.0' ],
1771 silly audit   consola: [ '3.4.2' ],
1771 silly audit   'detect-libc': [ '2.1.2' ],
1771 silly audit   'https-proxy-agent': [ '7.0.6' ],
1771 silly audit   nopt: [ '8.1.0' ],
1771 silly audit   '@types/estree': [ '1.0.8' ],
1771 silly audit   '@edge-runtime/node-utils': [ '2.3.0' ],
1771 silly audit   '@edge-runtime/primitives': [ '4.1.0' ],
1771 silly audit   '@edge-runtime/vm': [ '3.2.0' ],
1771 silly audit   '@types/node': [ '20.11.0' ],
1771 silly audit   '@vercel/error-utils': [ '2.0.3' ],
1771 silly audit   'cjs-module-lexer': [ '1.2.3' ],
1771 silly audit   'edge-runtime': [ '2.5.9' ],
1771 silly audit   'es-module-lexer': [ '1.4.1' ],
1771 silly audit   etag: [ '1.8.1' ],
1771 silly audit   'mime-types': [ '2.1.35' ],
1771 silly audit   'ts-node': [ '10.9.1' ],
1771 silly audit   'undici-types': [ '5.26.5' ],
1771 silly audit   '@iarna/toml': [ '2.2.5' ],
1771 silly audit   '@vercel/gatsby-plugin-vercel-analytics': [ '1.0.11' ],
1771 silly audit   '@vercel/gatsby-plugin-vercel-builder': [ '2.0.127' ],
1771 silly audit   'web-vitals': [ '0.2.4' ],
1771 silly audit   '@sinclair/typebox': [ '0.25.24' ],
1771 silly audit   ajv: [ '8.6.3' ],
1771 silly audit   'json-schema-to-ts': [ '1.6.4' ],
1771 silly audit   'fast-deep-equal': [ '3.1.3' ],
1771 silly audit   'json-schema-traverse': [ '1.0.0' ],
1771 silly audit   'require-from-string': [ '2.0.2' ],
1771 silly audit   'uri-js': [ '4.4.1' ],
1771 silly audit   retry: [ '0.13.1' ],
1771 silly audit   'file-uri-to-path': [ '1.0.0' ],
1771 silly audit   readdirp: [ '4.1.2' ],
1771 silly audit   '@edge-runtime/format': [ '2.2.1' ],
1771 silly audit   '@edge-runtime/ponyfill': [ '2.4.2' ],
1771 silly audit   mri: [ '1.2.0' ],
1771 silly audit   picocolors: [ '1.0.0' ],
1771 silly audit   'pretty-ms': [ '7.0.1' ],
1771 silly audit   'signal-exit': [ '4.0.2', '3.0.7' ],
1771 silly audit   'time-span': [ '4.0.0' ],
1771 silly audit   '@esbuild/aix-ppc64': [ '0.27.0' ],
1771 silly audit   '@esbuild/android-arm': [ '0.27.0' ],
1771 silly audit   '@esbuild/android-arm64': [ '0.27.0' ],
1771 silly audit   '@esbuild/android-x64': [ '0.27.0' ],
1771 silly audit   '@esbuild/darwin-arm64': [ '0.27.0' ],
1771 silly audit   '@esbuild/darwin-x64': [ '0.27.0' ],
1771 silly audit   '@esbuild/freebsd-arm64': [ '0.27.0' ],
1771 silly audit   '@esbuild/freebsd-x64': [ '0.27.0' ],
1771 silly audit   '@esbuild/linux-arm': [ '0.27.0' ],
1771 silly audit   '@esbuild/linux-arm64': [ '0.27.0' ],
1771 silly audit   '@esbuild/linux-ia32': [ '0.27.0' ],
1771 silly audit   '@esbuild/linux-loong64': [ '0.27.0' ],
1771 silly audit   '@esbuild/linux-mips64el': [ '0.27.0' ],
1771 silly audit   '@esbuild/linux-ppc64': [ '0.27.0' ],
1771 silly audit   '@esbuild/linux-riscv64': [ '0.27.0' ],
1771 silly audit   '@esbuild/linux-s390x': [ '0.27.0' ],
1771 silly audit   '@esbuild/linux-x64': [ '0.27.0' ],
1771 silly audit   '@esbuild/netbsd-arm64': [ '0.27.0' ],
1771 silly audit   '@esbuild/netbsd-x64': [ '0.27.0' ],
1771 silly audit   '@esbuild/openbsd-arm64': [ '0.27.0' ],
1771 silly audit   '@esbuild/openbsd-x64': [ '0.27.0' ],
1771 silly audit   '@esbuild/openharmony-arm64': [ '0.27.0' ],
1771 silly audit   '@esbuild/sunos-x64': [ '0.27.0' ],
1771 silly audit   '@esbuild/win32-arm64': [ '0.27.0' ],
1771 silly audit   '@esbuild/win32-ia32': [ '0.27.0' ],
1771 silly audit   '@esbuild/win32-x64': [ '0.27.0' ],
1771 silly audit   'cross-spawn': [ '7.0.6' ],
1771 silly audit   'get-stream': [ '5.2.0', '6.0.1' ],
1771 silly audit   'human-signals': [ '1.1.1', '2.1.0' ],
1771 silly audit   'is-stream': [ '2.0.1' ],
1771 silly audit   'merge-stream': [ '2.0.0' ],
1771 silly audit   'npm-run-path': [ '4.0.1' ],
1771 silly audit   onetime: [ '5.1.2' ],
1771 silly audit   'p-finally': [ '2.0.1' ],
1771 silly audit   'strip-final-newline': [ '2.0.0' ],
1771 silly audit   'path-key': [ '3.1.1' ],
1771 silly audit   'shebang-command': [ '2.0.0' ],
1771 silly audit   which: [ '2.0.2' ],
1771 silly audit   asynckit: [ '0.4.0' ],
1771 silly audit   'combined-stream': [ '1.0.8' ],
1771 silly audit   'es-set-tostringtag': [ '2.1.0' ],
1771 silly audit   hasown: [ '2.0.2' ],
1771 silly audit   'delayed-stream': [ '1.0.0' ],
1771 silly audit   'es-errors': [ '1.3.0' ],
1771 silly audit   'get-intrinsic': [ '1.3.0' ],
1771 silly audit   'has-tostringtag': [ '1.0.2' ],
1771 silly audit   jsonfile: [ '6.2.0' ],
1771 silly audit   universalify: [ '2.0.1' ],
1771 silly audit   'call-bind-apply-helpers': [ '1.0.2' ],
1771 silly audit   'es-define-property': [ '1.0.1' ],
1771 silly audit   'es-object-atoms': [ '1.1.1' ],
1771 silly audit   'function-bind': [ '1.1.2' ],
1771 silly audit   'get-proto': [ '1.0.1' ],
1771 silly audit   gopd: [ '1.2.0' ],
1771 silly audit   'has-symbols': [ '1.1.0' ],
1771 silly audit   'math-intrinsics': [ '1.1.0' ],
1771 silly audit   'dunder-proto': [ '1.0.1' ],
1771 silly audit   pump: [ '3.0.3' ],
1771 silly audit   minimatch: [ '10.1.1', '3.1.2' ],
1771 silly audit   minipass: [ '7.1.2', '5.0.0', '3.3.6' ],
1771 silly audit   'path-scurry': [ '2.0.1' ],
1771 silly audit   'agent-base': [ '7.1.4' ],
1771 silly audit   '@types/json-schema': [ '7.0.15' ],
1771 silly audit   'ts-toolbelt': [ '6.15.5' ],
1771 silly audit   arg: [ '4.1.0' ],
1771 silly audit   'content-type': [ '1.0.4' ],
1771 silly audit   'raw-body': [ '2.4.1' ],
1771 silly audit   'mime-db': [ '1.52.0' ],
1771 silly audit   '@isaacs/brace-expansion': [ '5.0.0' ],
1771 silly audit   '@isaacs/balanced-match': [ '4.0.1' ],
1771 silly audit   'whatwg-url': [ '5.0.0' ],
1771 silly audit   abbrev: [ '3.0.1' ],
1771 silly audit   'mimic-fn': [ '2.1.0' ],
1771 silly audit   '@oxc-transform/binding-android-arm-eabi': [ '0.111.0' ],
1771 silly audit   '@oxc-transform/binding-android-arm64': [ '0.111.0' ],
1771 silly audit   '@oxc-transform/binding-darwin-arm64': [ '0.111.0' ],
1771 silly audit   '@oxc-transform/binding-darwin-x64': [ '0.111.0' ],
1771 silly audit   '@oxc-transform/binding-freebsd-x64': [ '0.111.0' ],
1771 silly audit   '@oxc-transform/binding-linux-arm-gnueabihf': [ '0.111.0' ],
1771 silly audit   '@oxc-transform/binding-linux-arm-musleabihf': [ '0.111.0' ],
1771 silly audit   '@oxc-transform/binding-linux-arm64-gnu': [ '0.111.0' ],
1771 silly audit   '@oxc-transform/binding-linux-arm64-musl': [ '0.111.0' ],
1771 silly audit   '@oxc-transform/binding-linux-ppc64-gnu': [ '0.111.0' ],
1771 silly audit   '@oxc-transform/binding-linux-riscv64-gnu': [ '0.111.0' ],
1771 silly audit   '@oxc-transform/binding-linux-riscv64-musl': [ '0.111.0' ],
1771 silly audit   '@oxc-transform/binding-linux-s390x-gnu': [ '0.111.0' ],
1771 silly audit   '@oxc-transform/binding-linux-x64-gnu': [ '0.111.0' ],
1771 silly audit   '@oxc-transform/binding-linux-x64-musl': [ '0.111.0' ],
1771 silly audit   '@oxc-transform/binding-openharmony-arm64': [ '0.111.0' ],
1771 silly audit   '@oxc-transform/binding-wasm32-wasi': [ '0.111.0' ],
1771 silly audit   '@oxc-transform/binding-win32-arm64-msvc': [ '0.111.0' ],
1771 silly audit   '@oxc-transform/binding-win32-ia32-msvc': [ '0.111.0' ],
1771 silly audit   '@oxc-transform/binding-win32-x64-msvc': [ '0.111.0' ],
1771 silly audit   '@napi-rs/wasm-runtime': [ '1.1.1' ],
1771 silly audit   '@emnapi/core': [ '1.8.1' ],
1771 silly audit   '@emnapi/runtime': [ '1.8.1' ],
1771 silly audit   '@tybys/wasm-util': [ '0.10.1' ],
1771 silly audit   '@emnapi/wasi-threads': [ '1.1.0' ],
1771 silly audit   tslib: [ '2.8.1' ],
1771 silly audit   'lru-cache': [ '11.2.5', '6.0.0' ],
1771 silly audit   'parse-ms': [ '2.1.0' ],
1771 silly audit   'end-of-stream': [ '1.4.5', '1.1.0' ],
1771 silly audit   once: [ '1.4.0', '1.3.3' ],
1771 silly audit   wrappy: [ '1.0.2' ],
1771 silly audit   bytes: [ '3.1.0' ],
1771 silly audit   'http-errors': [ '1.7.3' ],
1771 silly audit   'iconv-lite': [ '0.4.24' ],
1771 silly audit   unpipe: [ '1.0.0' ],
1771 silly audit   depd: [ '1.1.2' ],
1771 silly audit   inherits: [ '2.0.4' ],
1771 silly audit   setprototypeof: [ '1.1.1' ],
1771 silly audit   statuses: [ '1.5.0' ],
1771 silly audit   toidentifier: [ '1.0.0' ],
1771 silly audit   'safer-buffer': [ '2.1.2' ],
1771 silly audit   '@oxc-project/types': [ '0.110.0' ],
1771 silly audit   '@rolldown/binding-android-arm64': [ '1.0.0-rc.1' ],
1771 silly audit   '@rolldown/binding-darwin-arm64': [ '1.0.0-rc.1' ],
1771 silly audit   '@rolldown/binding-darwin-x64': [ '1.0.0-rc.1' ],
1771 silly audit   '@rolldown/binding-freebsd-x64': [ '1.0.0-rc.1' ],
1771 silly audit   '@rolldown/binding-linux-arm-gnueabihf': [ '1.0.0-rc.1' ],
1771 silly audit   '@rolldown/binding-linux-arm64-gnu': [ '1.0.0-rc.1' ],
1771 silly audit   '@rolldown/binding-linux-arm64-musl': [ '1.0.0-rc.1' ],
1771 silly audit   '@rolldown/binding-linux-x64-gnu': [ '1.0.0-rc.1' ],
1771 silly audit   '@rolldown/binding-linux-x64-musl': [ '1.0.0-rc.1' ],
1771 silly audit   '@rolldown/binding-openharmony-arm64': [ '1.0.0-rc.1' ],
1771 silly audit   '@rolldown/binding-wasm32-wasi': [ '1.0.0-rc.1' ],
1771 silly audit   '@rolldown/binding-win32-arm64-msvc': [ '1.0.0-rc.1' ],
1771 silly audit   '@rolldown/binding-win32-x64-msvc': [ '1.0.0-rc.1' ],
1771 silly audit   '@rolldown/pluginutils': [ '1.0.0-rc.1' ],
1771 silly audit   'shebang-regex': [ '3.0.0' ],
1771 silly audit   'cookie-es': [ '2.0.0' ],
1771 silly audit   'any-promise': [ '1.3.0' ],
1771 silly audit   'stream-to-array': [ '2.3.0' ],
1771 silly audit   chownr: [ '2.0.0', '3.0.0' ],
1771 silly audit   'fs-minipass': [ '2.1.0' ],
1771 silly audit   minizlib: [ '2.1.2', '3.1.0' ],
1771 silly audit   mkdirp: [ '1.0.4' ],
1771 silly audit   yallist: [ '4.0.0', '5.0.0' ],
1771 silly audit   'convert-hrtime': [ '3.0.0' ],
1771 silly audit   '@ts-morph/common': [ '0.11.1' ],
1771 silly audit   'code-block-writer': [ '10.1.1' ],
1771 silly audit   'fast-glob': [ '3.3.3' ],
1771 silly audit   'path-browserify': [ '1.0.1' ],
1771 silly audit   '@nodelib/fs.stat': [ '2.0.5' ],
1771 silly audit   '@nodelib/fs.walk': [ '1.2.8' ],
1771 silly audit   'glob-parent': [ '5.1.2' ],
1771 silly audit   merge2: [ '1.4.1' ],
1771 silly audit   micromatch: [ '4.0.8' ],
1771 silly audit   '@nodelib/fs.scandir': [ '2.1.5' ],
1771 silly audit   fastq: [ '1.20.1' ],
1771 silly audit   'run-parallel': [ '1.2.0' ],
1771 silly audit   reusify: [ '1.1.0' ],
1771 silly audit   'is-glob': [ '4.0.3' ],
1771 silly audit   'is-extglob': [ '2.1.1' ],
1771 silly audit   braces: [ '3.0.3' ],
1771 silly audit   'fill-range': [ '7.1.1' ],
1771 silly audit   'to-regex-range': [ '5.0.1' ],
1771 silly audit   'queue-microtask': [ '1.2.3' ],
1771 silly audit   'is-number': [ '7.0.0' ],
1771 silly audit   '@cspotcode/source-map-support': [ '0.8.1' ],
1771 silly audit   '@tsconfig/node10': [ '1.0.12' ],
1771 silly audit   '@tsconfig/node12': [ '1.0.11' ],
1771 silly audit   '@tsconfig/node14': [ '1.0.3' ],
1771 silly audit   '@tsconfig/node16': [ '1.0.4' ],
1771 silly audit   'acorn-walk': [ '8.3.4' ],
1771 silly audit   'create-require': [ '1.1.1' ],
1771 silly audit   diff: [ '4.0.4' ],
1771 silly audit   'make-error': [ '1.3.6' ],
1771 silly audit   'v8-compile-cache-lib': [ '3.0.1' ],
1771 silly audit   yn: [ '3.1.1' ],
1771 silly audit   '@jridgewell/trace-mapping': [ '0.3.9' ],
1771 silly audit   '@jridgewell/resolve-uri': [ '3.1.2' ],
1771 silly audit   '@jridgewell/sourcemap-codec': [ '1.5.5' ],
1771 silly audit   fsevents: [ '2.3.3' ],
1771 silly audit   'get-tsconfig': [ '4.13.1' ],
1771 silly audit   'resolve-pkg-maps': [ '1.0.0' ],
1771 silly audit   '@fastify/busboy': [ '2.1.1' ],
1771 silly audit   punycode: [ '2.3.1' ],
1771 silly audit   tr46: [ '0.0.3' ],
1771 silly audit   'webidl-conversions': [ '3.0.1' ],
1771 silly audit   isexe: [ '2.0.0' ],
1771 silly audit   'xdg-portable': [ '7.3.0' ],
1771 silly audit   'os-paths': [ '4.4.0' ],
1771 silly audit   yauzl: [ '2.10.0' ],
1771 silly audit   'yauzl-clone': [ '1.0.4' ],
1771 silly audit   'buffer-crc32': [ '0.2.13' ],
1771 silly audit   'fd-slicer': [ '1.1.0' ],
1771 silly audit   pend: [ '1.2.0' ],
1771 silly audit   'events-intercept': [ '2.0.0' ],
1771 silly audit   '@isaacs/fs-minipass': [ '4.0.1' ],
1771 silly audit   'brace-expansion': [ '1.1.12' ],
1771 silly audit   'balanced-match': [ '1.0.2' ],
1771 silly audit   'concat-map': [ '0.0.1' ]
1771 silly audit }
1772 http cache concat-map@https://registry.npmjs.org/concat-map/-/concat-map-0.0.1.tgz 0ms (cache hit)
1773 http cache balanced-match@https://registry.npmjs.org/balanced-match/-/balanced-match-1.0.2.tgz 0ms (cache hit)
1774 http cache brace-expansion@https://registry.npmjs.org/brace-expansion/-/brace-expansion-1.1.12.tgz 0ms (cache hit)
1775 http cache events-intercept@https://registry.npmjs.org/events-intercept/-/events-intercept-2.0.0.tgz 0ms (cache hit)
1776 http cache pend@https://registry.npmjs.org/pend/-/pend-1.2.0.tgz 0ms (cache hit)
1777 http cache fd-slicer@https://registry.npmjs.org/fd-slicer/-/fd-slicer-1.1.0.tgz 0ms (cache hit)
1778 http cache @isaacs/fs-minipass@https://registry.npmjs.org/@isaacs/fs-minipass/-/fs-minipass-4.0.1.tgz 0ms (cache hit)
1779 http cache yauzl-clone@https://registry.npmjs.org/yauzl-clone/-/yauzl-clone-1.0.4.tgz 0ms (cache hit)
1780 http cache yauzl@https://registry.npmjs.org/yauzl/-/yauzl-2.10.0.tgz 0ms (cache hit)
1781 http cache os-paths@https://registry.npmjs.org/os-paths/-/os-paths-4.4.0.tgz 0ms (cache hit)
1782 http cache xdg-portable@https://registry.npmjs.org/xdg-portable/-/xdg-portable-7.3.0.tgz 0ms (cache hit)
1783 http cache buffer-crc32@https://registry.npmjs.org/buffer-crc32/-/buffer-crc32-0.2.13.tgz 0ms (cache hit)
1784 http cache isexe@https://registry.npmjs.org/isexe/-/isexe-2.0.0.tgz 0ms (cache hit)
1785 http cache webidl-conversions@https://registry.npmjs.org/webidl-conversions/-/webidl-conversions-3.0.1.tgz 0ms (cache hit)
1786 http cache tr46@https://registry.npmjs.org/tr46/-/tr46-0.0.3.tgz 0ms (cache hit)
1787 http cache punycode@https://registry.npmjs.org/punycode/-/punycode-2.3.1.tgz 0ms (cache hit)
1788 http cache @fastify/busboy@https://registry.npmjs.org/@fastify/busboy/-/busboy-2.1.1.tgz 0ms (cache hit)
1789 http cache resolve-pkg-maps@https://registry.npmjs.org/resolve-pkg-maps/-/resolve-pkg-maps-1.0.0.tgz 0ms (cache hit)
1790 http cache get-tsconfig@https://registry.npmjs.org/get-tsconfig/-/get-tsconfig-4.13.1.tgz 0ms (cache hit)
1791 http cache @jridgewell/sourcemap-codec@https://registry.npmjs.org/@jridgewell/sourcemap-codec/-/sourcemap-codec-1.5.5.tgz 0ms (cache hit)
1792 http cache @jridgewell/resolve-uri@https://registry.npmjs.org/@jridgewell/resolve-uri/-/resolve-uri-3.1.2.tgz 0ms (cache hit)
1793 http cache fsevents@https://registry.npmjs.org/fsevents/-/fsevents-2.3.3.tgz 0ms (cache hit)
1794 http cache @jridgewell/trace-mapping@https://registry.npmjs.org/@jridgewell/trace-mapping/-/trace-mapping-0.3.9.tgz 0ms (cache hit)
1795 http cache yn@https://registry.npmjs.org/yn/-/yn-3.1.1.tgz 0ms (cache hit)
1796 http cache v8-compile-cache-lib@https://registry.npmjs.org/v8-compile-cache-lib/-/v8-compile-cache-lib-3.0.1.tgz 0ms (cache hit)
1797 http cache make-error@https://registry.npmjs.org/make-error/-/make-error-1.3.6.tgz 0ms (cache hit)
1798 http cache diff@https://registry.npmjs.org/diff/-/diff-4.0.4.tgz 0ms (cache hit)
1799 http cache create-require@https://registry.npmjs.org/create-require/-/create-require-1.1.1.tgz 0ms (cache hit)
1800 http cache acorn-walk@https://registry.npmjs.org/acorn-walk/-/acorn-walk-8.3.4.tgz 0ms (cache hit)
1801 http cache @tsconfig/node16@https://registry.npmjs.org/@tsconfig/node16/-/node16-1.0.4.tgz 0ms (cache hit)
1802 http cache @tsconfig/node12@https://registry.npmjs.org/@tsconfig/node12/-/node12-1.0.11.tgz 0ms (cache hit)
1803 http cache @tsconfig/node10@https://registry.npmjs.org/@tsconfig/node10/-/node10-1.0.12.tgz 0ms (cache hit)
1804 http cache @cspotcode/source-map-support@https://registry.npmjs.org/@cspotcode/source-map-support/-/source-map-support-0.8.1.tgz 0ms (cache hit)
1805 http cache @tsconfig/node14@https://registry.npmjs.org/@tsconfig/node14/-/node14-1.0.3.tgz 0ms (cache hit)
1806 http cache is-number@https://registry.npmjs.org/is-number/-/is-number-7.0.0.tgz 0ms (cache hit)
1807 http cache queue-microtask@https://registry.npmjs.org/queue-microtask/-/queue-microtask-1.2.3.tgz 0ms (cache hit)
1808 http cache to-regex-range@https://registry.npmjs.org/to-regex-range/-/to-regex-range-5.0.1.tgz 0ms (cache hit)
1809 http cache fill-range@https://registry.npmjs.org/fill-range/-/fill-range-7.1.1.tgz 0ms (cache hit)
1810 http cache braces@https://registry.npmjs.org/braces/-/braces-3.0.3.tgz 0ms (cache hit)
1811 http cache is-extglob@https://registry.npmjs.org/is-extglob/-/is-extglob-2.1.1.tgz 0ms (cache hit)
1812 http cache reusify@https://registry.npmjs.org/reusify/-/reusify-1.1.0.tgz 0ms (cache hit)
1813 http cache is-glob@https://registry.npmjs.org/is-glob/-/is-glob-4.0.3.tgz 0ms (cache hit)
1814 http cache run-parallel@https://registry.npmjs.org/run-parallel/-/run-parallel-1.2.0.tgz 0ms (cache hit)
1815 http cache fastq@https://registry.npmjs.org/fastq/-/fastq-1.20.1.tgz 0ms (cache hit)
1816 http cache @nodelib/fs.scandir@https://registry.npmjs.org/@nodelib/fs.scandir/-/fs.scandir-2.1.5.tgz 0ms (cache hit)
1817 http cache micromatch@https://registry.npmjs.org/micromatch/-/micromatch-4.0.8.tgz 0ms (cache hit)
1818 http cache merge2@https://registry.npmjs.org/merge2/-/merge2-1.4.1.tgz 0ms (cache hit)
1819 http cache glob-parent@https://registry.npmjs.org/glob-parent/-/glob-parent-5.1.2.tgz 0ms (cache hit)
1820 http cache @nodelib/fs.walk@https://registry.npmjs.org/@nodelib/fs.walk/-/fs.walk-1.2.8.tgz 0ms (cache hit)
1821 http cache @nodelib/fs.stat@https://registry.npmjs.org/@nodelib/fs.stat/-/fs.stat-2.0.5.tgz 0ms (cache hit)
1822 http cache path-browserify@https://registry.npmjs.org/path-browserify/-/path-browserify-1.0.1.tgz 0ms (cache hit)
1823 http cache code-block-writer@https://registry.npmjs.org/code-block-writer/-/code-block-writer-10.1.1.tgz 0ms (cache hit)
1824 http cache @ts-morph/common@https://registry.npmjs.org/@ts-morph/common/-/common-0.11.1.tgz 0ms (cache hit)
1825 http cache convert-hrtime@https://registry.npmjs.org/convert-hrtime/-/convert-hrtime-3.0.0.tgz 0ms (cache hit)
1826 http cache yallist@https://registry.npmjs.org/yallist/-/yallist-4.0.0.tgz 0ms (cache hit)
1827 http cache mkdirp@https://registry.npmjs.org/mkdirp/-/mkdirp-1.0.4.tgz 0ms (cache hit)
1828 http cache minizlib@https://registry.npmjs.org/minizlib/-/minizlib-2.1.2.tgz 0ms (cache hit)
1829 http cache fs-minipass@https://registry.npmjs.org/fs-minipass/-/fs-minipass-2.1.0.tgz 0ms (cache hit)
1830 http cache chownr@https://registry.npmjs.org/chownr/-/chownr-2.0.0.tgz 0ms (cache hit)
1831 http cache stream-to-array@https://registry.npmjs.org/stream-to-array/-/stream-to-array-2.3.0.tgz 0ms (cache hit)
1832 http cache any-promise@https://registry.npmjs.org/any-promise/-/any-promise-1.3.0.tgz 0ms (cache hit)
1833 http cache cookie-es@https://registry.npmjs.org/cookie-es/-/cookie-es-2.0.0.tgz 0ms (cache hit)
1834 http cache shebang-regex@https://registry.npmjs.org/shebang-regex/-/shebang-regex-3.0.0.tgz 0ms (cache hit)
1835 http cache @rolldown/pluginutils@https://registry.npmjs.org/@rolldown/pluginutils/-/pluginutils-1.0.0-rc.1.tgz 0ms (cache hit)
1836 http cache @rolldown/binding-darwin-arm64@https://registry.npmjs.org/@rolldown/binding-darwin-arm64/-/binding-darwin-arm64-1.0.0-rc.1.tgz 0ms (cache hit)
1837 http cache @oxc-project/types@https://registry.npmjs.org/@oxc-project/types/-/types-0.110.0.tgz 0ms (cache hit)
1838 http cache safer-buffer@https://registry.npmjs.org/safer-buffer/-/safer-buffer-2.1.2.tgz 0ms (cache hit)
1839 http cache toidentifier@https://registry.npmjs.org/toidentifier/-/toidentifier-1.0.0.tgz 0ms (cache hit)
1840 http cache statuses@https://registry.npmjs.org/statuses/-/statuses-1.5.0.tgz 0ms (cache hit)
1841 http cache setprototypeof@https://registry.npmjs.org/setprototypeof/-/setprototypeof-1.1.1.tgz 0ms (cache hit)
1842 http cache inherits@https://registry.npmjs.org/inherits/-/inherits-2.0.4.tgz 0ms (cache hit)
1843 http cache depd@https://registry.npmjs.org/depd/-/depd-1.1.2.tgz 0ms (cache hit)
1844 http cache unpipe@https://registry.npmjs.org/unpipe/-/unpipe-1.0.0.tgz 0ms (cache hit)
1845 http cache iconv-lite@https://registry.npmjs.org/iconv-lite/-/iconv-lite-0.4.24.tgz 0ms (cache hit)
1846 http cache http-errors@https://registry.npmjs.org/http-errors/-/http-errors-1.7.3.tgz 0ms (cache hit)
1847 http cache once@https://registry.npmjs.org/once/-/once-1.4.0.tgz 0ms (cache hit)
1848 http cache bytes@https://registry.npmjs.org/bytes/-/bytes-3.1.0.tgz 0ms (cache hit)
1849 http cache end-of-stream@https://registry.npmjs.org/end-of-stream/-/end-of-stream-1.4.5.tgz 0ms (cache hit)
1850 http cache parse-ms@https://registry.npmjs.org/parse-ms/-/parse-ms-2.1.0.tgz 0ms (cache hit)
1851 http cache lru-cache@https://registry.npmjs.org/lru-cache/-/lru-cache-11.2.5.tgz 0ms (cache hit)
1852 http cache tslib@https://registry.npmjs.org/tslib/-/tslib-2.8.1.tgz 0ms (cache hit)
1853 http cache @emnapi/wasi-threads@https://registry.npmjs.org/@emnapi/wasi-threads/-/wasi-threads-1.1.0.tgz 0ms (cache hit)
1854 http cache @tybys/wasm-util@https://registry.npmjs.org/@tybys/wasm-util/-/wasm-util-0.10.1.tgz 0ms (cache hit)
1855 http cache wrappy@https://registry.npmjs.org/wrappy/-/wrappy-1.0.2.tgz 0ms (cache hit)
1856 http cache @emnapi/runtime@https://registry.npmjs.org/@emnapi/runtime/-/runtime-1.8.1.tgz 0ms (cache hit)
1857 http cache @napi-rs/wasm-runtime@https://registry.npmjs.org/@napi-rs/wasm-runtime/-/wasm-runtime-1.1.1.tgz 0ms (cache hit)
1858 http cache @emnapi/core@https://registry.npmjs.org/@emnapi/core/-/core-1.8.1.tgz 0ms (cache hit)
1859 http cache @oxc-transform/binding-darwin-arm64@https://registry.npmjs.org/@oxc-transform/binding-darwin-arm64/-/binding-darwin-arm64-0.111.0.tgz 0ms (cache hit)
1860 http cache mimic-fn@https://registry.npmjs.org/mimic-fn/-/mimic-fn-2.1.0.tgz 0ms (cache hit)
1861 http cache abbrev@https://registry.npmjs.org/abbrev/-/abbrev-3.0.1.tgz 0ms (cache hit)
1862 http cache whatwg-url@https://registry.npmjs.org/whatwg-url/-/whatwg-url-5.0.0.tgz 0ms (cache hit)
1863 http cache @isaacs/balanced-match@https://registry.npmjs.org/@isaacs/balanced-match/-/balanced-match-4.0.1.tgz 0ms (cache hit)
1864 http cache @isaacs/brace-expansion@https://registry.npmjs.org/@isaacs/brace-expansion/-/brace-expansion-5.0.0.tgz 0ms (cache hit)
1865 http cache mime-db@https://registry.npmjs.org/mime-db/-/mime-db-1.52.0.tgz 0ms (cache hit)
1866 http cache raw-body@https://registry.npmjs.org/raw-body/-/raw-body-2.4.1.tgz 0ms (cache hit)
1867 http cache content-type@https://registry.npmjs.org/content-type/-/content-type-1.0.4.tgz 0ms (cache hit)
1868 http cache arg@https://registry.npmjs.org/arg/-/arg-4.1.0.tgz 0ms (cache hit)
1869 http cache ts-toolbelt@https://registry.npmjs.org/ts-toolbelt/-/ts-toolbelt-6.15.5.tgz 0ms (cache hit)
1870 http cache agent-base@https://registry.npmjs.org/agent-base/-/agent-base-7.1.4.tgz 0ms (cache hit)
1871 http cache path-scurry@https://registry.npmjs.org/path-scurry/-/path-scurry-2.0.1.tgz 0ms (cache hit)
1872 http cache minipass@https://registry.npmjs.org/minipass/-/minipass-7.1.2.tgz 0ms (cache hit)
1873 http cache minimatch@https://registry.npmjs.org/minimatch/-/minimatch-10.1.1.tgz 0ms (cache hit)
1874 http cache pump@https://registry.npmjs.org/pump/-/pump-3.0.3.tgz 0ms (cache hit)
1875 http cache @types/json-schema@https://registry.npmjs.org/@types/json-schema/-/json-schema-7.0.15.tgz 0ms (cache hit)
1876 http cache dunder-proto@https://registry.npmjs.org/dunder-proto/-/dunder-proto-1.0.1.tgz 0ms (cache hit)
1877 http cache math-intrinsics@https://registry.npmjs.org/math-intrinsics/-/math-intrinsics-1.1.0.tgz 0ms (cache hit)
1878 http cache has-symbols@https://registry.npmjs.org/has-symbols/-/has-symbols-1.1.0.tgz 0ms (cache hit)
1879 http cache gopd@https://registry.npmjs.org/gopd/-/gopd-1.2.0.tgz 0ms (cache hit)
1880 http cache get-proto@https://registry.npmjs.org/get-proto/-/get-proto-1.0.1.tgz 0ms (cache hit)
1881 http cache fast-glob@https://registry.npmjs.org/fast-glob/-/fast-glob-3.3.3.tgz 0ms (cache hit)
1882 http cache function-bind@https://registry.npmjs.org/function-bind/-/function-bind-1.1.2.tgz 0ms (cache hit)
1883 http cache es-object-atoms@https://registry.npmjs.org/es-object-atoms/-/es-object-atoms-1.1.1.tgz 0ms (cache hit)
1884 http cache es-define-property@https://registry.npmjs.org/es-define-property/-/es-define-property-1.0.1.tgz 0ms (cache hit)
1885 http cache universalify@https://registry.npmjs.org/universalify/-/universalify-2.0.1.tgz 0ms (cache hit)
1886 http cache jsonfile@https://registry.npmjs.org/jsonfile/-/jsonfile-6.2.0.tgz 0ms (cache hit)
1887 http cache has-tostringtag@https://registry.npmjs.org/has-tostringtag/-/has-tostringtag-1.0.2.tgz 0ms (cache hit)
1888 http cache get-intrinsic@https://registry.npmjs.org/get-intrinsic/-/get-intrinsic-1.3.0.tgz 0ms (cache hit)
1889 http cache es-errors@https://registry.npmjs.org/es-errors/-/es-errors-1.3.0.tgz 0ms (cache hit)
1890 http cache delayed-stream@https://registry.npmjs.org/delayed-stream/-/delayed-stream-1.0.0.tgz 0ms (cache hit)
1891 http cache hasown@https://registry.npmjs.org/hasown/-/hasown-2.0.2.tgz 0ms (cache hit)
1892 http cache es-set-tostringtag@https://registry.npmjs.org/es-set-tostringtag/-/es-set-tostringtag-2.1.0.tgz 0ms (cache hit)
1893 http cache combined-stream@https://registry.npmjs.org/combined-stream/-/combined-stream-1.0.8.tgz 0ms (cache hit)
1894 http cache asynckit@https://registry.npmjs.org/asynckit/-/asynckit-0.4.0.tgz 0ms (cache hit)
1895 http cache which@https://registry.npmjs.org/which/-/which-2.0.2.tgz 0ms (cache hit)
1896 http cache shebang-command@https://registry.npmjs.org/shebang-command/-/shebang-command-2.0.0.tgz 0ms (cache hit)
1897 http cache path-key@https://registry.npmjs.org/path-key/-/path-key-3.1.1.tgz 0ms (cache hit)
1898 http cache strip-final-newline@https://registry.npmjs.org/strip-final-newline/-/strip-final-newline-2.0.0.tgz 0ms (cache hit)
1899 http cache p-finally@https://registry.npmjs.org/p-finally/-/p-finally-2.0.1.tgz 0ms (cache hit)
1900 http cache onetime@https://registry.npmjs.org/onetime/-/onetime-5.1.2.tgz 0ms (cache hit)
1901 http cache npm-run-path@https://registry.npmjs.org/npm-run-path/-/npm-run-path-4.0.1.tgz 0ms (cache hit)
1902 http cache merge-stream@https://registry.npmjs.org/merge-stream/-/merge-stream-2.0.0.tgz 0ms (cache hit)
1903 http cache is-stream@https://registry.npmjs.org/is-stream/-/is-stream-2.0.1.tgz 0ms (cache hit)
1904 http cache human-signals@https://registry.npmjs.org/human-signals/-/human-signals-1.1.1.tgz 0ms (cache hit)
1905 http cache get-stream@https://registry.npmjs.org/get-stream/-/get-stream-5.2.0.tgz 0ms (cache hit)
1906 http cache cross-spawn@https://registry.npmjs.org/cross-spawn/-/cross-spawn-7.0.6.tgz 0ms (cache hit)
1907 http cache @esbuild/darwin-arm64@https://registry.npmjs.org/@esbuild/darwin-arm64/-/darwin-arm64-0.27.0.tgz 0ms (cache hit)
1908 http cache time-span@https://registry.npmjs.org/time-span/-/time-span-4.0.0.tgz 0ms (cache hit)
1909 http cache signal-exit@https://registry.npmjs.org/signal-exit/-/signal-exit-4.0.2.tgz 0ms (cache hit)
1910 http cache call-bind-apply-helpers@https://registry.npmjs.org/call-bind-apply-helpers/-/call-bind-apply-helpers-1.0.2.tgz 0ms (cache hit)
1911 http cache picocolors@https://registry.npmjs.org/picocolors/-/picocolors-1.0.0.tgz 0ms (cache hit)
1912 http cache mri@https://registry.npmjs.org/mri/-/mri-1.2.0.tgz 0ms (cache hit)
1913 http cache @edge-runtime/ponyfill@https://registry.npmjs.org/@edge-runtime/ponyfill/-/ponyfill-2.4.2.tgz 0ms (cache hit)
1914 http cache @edge-runtime/format@https://registry.npmjs.org/@edge-runtime/format/-/format-2.2.1.tgz 0ms (cache hit)
1915 http cache readdirp@https://registry.npmjs.org/readdirp/-/readdirp-4.1.2.tgz 0ms (cache hit)
1916 http cache pretty-ms@https://registry.npmjs.org/pretty-ms/-/pretty-ms-7.0.1.tgz 0ms (cache hit)
1917 http cache file-uri-to-path@https://registry.npmjs.org/file-uri-to-path/-/file-uri-to-path-1.0.0.tgz 0ms (cache hit)
1918 http cache uri-js@https://registry.npmjs.org/uri-js/-/uri-js-4.4.1.tgz 0ms (cache hit)
1919 http cache require-from-string@https://registry.npmjs.org/require-from-string/-/require-from-string-2.0.2.tgz 0ms (cache hit)
1920 http cache json-schema-traverse@https://registry.npmjs.org/json-schema-traverse/-/json-schema-traverse-1.0.0.tgz 0ms (cache hit)
1921 http cache fast-deep-equal@https://registry.npmjs.org/fast-deep-equal/-/fast-deep-equal-3.1.3.tgz 0ms (cache hit)
1922 http cache json-schema-to-ts@https://registry.npmjs.org/json-schema-to-ts/-/json-schema-to-ts-1.6.4.tgz 0ms (cache hit)
1923 http cache retry@https://registry.npmjs.org/retry/-/retry-0.13.1.tgz 0ms (cache hit)
1924 http cache ajv@https://registry.npmjs.org/ajv/-/ajv-8.6.3.tgz 0ms (cache hit)
1925 http cache @sinclair/typebox@https://registry.npmjs.org/@sinclair/typebox/-/typebox-0.25.24.tgz 0ms (cache hit)
1926 http cache web-vitals@https://registry.npmjs.org/web-vitals/-/web-vitals-0.2.4.tgz 0ms (cache hit)
1927 http cache @vercel/gatsby-plugin-vercel-builder@https://registry.npmjs.org/@vercel/gatsby-plugin-vercel-builder/-/gatsby-plugin-vercel-builder-2.0.127.tgz 0ms (cache hit)
1928 http cache @vercel/gatsby-plugin-vercel-analytics@https://registry.npmjs.org/@vercel/gatsby-plugin-vercel-analytics/-/gatsby-plugin-vercel-analytics-1.0.11.tgz 0ms (cache hit)
1929 http cache @iarna/toml@https://registry.npmjs.org/@iarna/toml/-/toml-2.2.5.tgz 0ms (cache hit)
1930 http cache undici-types@https://registry.npmjs.org/undici-types/-/undici-types-5.26.5.tgz 0ms (cache hit)
1931 http cache typescript5@https://registry.npmjs.org/typescript/-/typescript-5.9.3.tgz 0ms (cache hit)
1932 http cache ts-node@https://registry.npmjs.org/ts-node/-/ts-node-10.9.1.tgz 0ms (cache hit)
1933 http cache mime-types@https://registry.npmjs.org/mime-types/-/mime-types-2.1.35.tgz 0ms (cache hit)
1934 http cache etag@https://registry.npmjs.org/etag/-/etag-1.8.1.tgz 0ms (cache hit)
1935 http cache es-module-lexer@https://registry.npmjs.org/es-module-lexer/-/es-module-lexer-1.4.1.tgz 0ms (cache hit)
1936 http cache edge-runtime@https://registry.npmjs.org/edge-runtime/-/edge-runtime-2.5.9.tgz 0ms (cache hit)
1937 http cache cjs-module-lexer@https://registry.npmjs.org/cjs-module-lexer/-/cjs-module-lexer-1.2.3.tgz 0ms (cache hit)
1938 http cache @types/node@https://registry.npmjs.org/@types/node/-/node-20.11.0.tgz 0ms (cache hit)
1939 http cache @vercel/error-utils@https://registry.npmjs.org/@vercel/error-utils/-/error-utils-2.0.3.tgz 0ms (cache hit)
1940 http cache @edge-runtime/vm@https://registry.npmjs.org/@edge-runtime/vm/-/vm-3.2.0.tgz 0ms (cache hit)
1941 http cache @edge-runtime/primitives@https://registry.npmjs.org/@edge-runtime/primitives/-/primitives-4.1.0.tgz 0ms (cache hit)
1942 http cache @edge-runtime/node-utils@https://registry.npmjs.org/@edge-runtime/node-utils/-/node-utils-2.3.0.tgz 0ms (cache hit)
1943 http cache nopt@https://registry.npmjs.org/nopt/-/nopt-8.1.0.tgz 0ms (cache hit)
1944 http cache https-proxy-agent@https://registry.npmjs.org/https-proxy-agent/-/https-proxy-agent-7.0.6.tgz 0ms (cache hit)
1945 http cache detect-libc@https://registry.npmjs.org/detect-libc/-/detect-libc-2.1.2.tgz 0ms (cache hit)
1946 http cache consola@https://registry.npmjs.org/consola/-/consola-3.4.2.tgz 0ms (cache hit)
1947 http cache resolve-from@https://registry.npmjs.org/resolve-from/-/resolve-from-5.0.0.tgz 0ms (cache hit)
1948 http cache @types/estree@https://registry.npmjs.org/@types/estree/-/estree-1.0.8.tgz 0ms (cache hit)
1949 http cache picomatch@https://registry.npmjs.org/picomatch/-/picomatch-4.0.3.tgz 0ms (cache hit)
1950 http cache node-gyp-build@https://registry.npmjs.org/node-gyp-build/-/node-gyp-build-4.8.4.tgz 0ms (cache hit)
1951 http cache graceful-fs@https://registry.npmjs.org/graceful-fs/-/graceful-fs-4.2.11.tgz 0ms (cache hit)
1952 http cache glob@https://registry.npmjs.org/glob/-/glob-13.0.0.tgz 0ms (cache hit)
1953 http cache estree-walker@https://registry.npmjs.org/estree-walker/-/estree-walker-2.0.2.tgz 0ms (cache hit)
1954 http cache bindings@https://registry.npmjs.org/bindings/-/bindings-1.5.0.tgz 0ms (cache hit)
1955 http cache async-sema@https://registry.npmjs.org/async-sema/-/async-sema-3.1.1.tgz 0ms (cache hit)
1956 http cache acorn-import-attributes@https://registry.npmjs.org/acorn-import-attributes/-/acorn-import-attributes-1.9.5.tgz 0ms (cache hit)
1957 http cache acorn@https://registry.npmjs.org/acorn/-/acorn-8.15.0.tgz 0ms (cache hit)
1958 http cache @rollup/pluginutils@https://registry.npmjs.org/@rollup/pluginutils/-/pluginutils-5.3.0.tgz 0ms (cache hit)
1959 http cache @mapbox/node-pre-gyp@https://registry.npmjs.org/@mapbox/node-pre-gyp/-/node-pre-gyp-2.0.3.tgz 0ms (cache hit)
1960 http cache yauzl-promise@https://registry.npmjs.org/yauzl-promise/-/yauzl-promise-2.1.3.tgz 0ms (cache hit)
1961 http cache xdg-app-paths@https://registry.npmjs.org/xdg-app-paths/-/xdg-app-paths-5.1.0.tgz 0ms (cache hit)
1962 http cache uid-promise@https://registry.npmjs.org/uid-promise/-/uid-promise-1.0.0.tgz 0ms (cache hit)
1963 http cache tree-kill@https://registry.npmjs.org/tree-kill/-/tree-kill-1.2.2.tgz 0ms (cache hit)
1964 http cache tinyexec@https://registry.npmjs.org/tinyexec/-/tinyexec-0.3.2.tgz 0ms (cache hit)
1965 http cache tar@https://registry.npmjs.org/tar/-/tar-6.2.1.tgz 0ms (cache hit)
1966 http cache stream-to-promise@https://registry.npmjs.org/stream-to-promise/-/stream-to-promise-2.2.0.tgz 0ms (cache hit)
1967 http cache stat-mode@https://registry.npmjs.org/stat-mode/-/stat-mode-0.3.0.tgz 0ms (cache hit)
1968 http cache semver@https://registry.npmjs.org/semver/-/semver-7.5.4.tgz 0ms (cache hit)
1969 http cache promisepipe@https://registry.npmjs.org/promisepipe/-/promisepipe-3.0.0.tgz 0ms (cache hit)
1970 http cache node-fetch@https://registry.npmjs.org/node-fetch/-/node-fetch-2.6.7.tgz 0ms (cache hit)
1971 http cache ms@https://registry.npmjs.org/ms/-/ms-2.1.1.tgz 0ms (cache hit)
1972 http cache micro@https://registry.npmjs.org/micro/-/micro-9.3.5-canary.3.tgz 0ms (cache hit)
1973 http cache generic-pool@https://registry.npmjs.org/generic-pool/-/generic-pool-3.4.2.tgz 0ms (cache hit)
1974 http cache debug@https://registry.npmjs.org/debug/-/debug-4.3.4.tgz 0ms (cache hit)
1975 http cache async-listen@https://registry.npmjs.org/async-listen/-/async-listen-1.2.0.tgz 0ms (cache hit)
1976 http cache @tootallnate/once@https://registry.npmjs.org/@tootallnate/once/-/once-2.0.0.tgz 0ms (cache hit)
1977 http cache zod@https://registry.npmjs.org/zod/-/zod-3.22.4.tgz 0ms (cache hit)
1978 http cache ts-morph@https://registry.npmjs.org/ts-morph/-/ts-morph-12.0.0.tgz 0ms (cache hit)
1979 http cache path-to-regexp@https://registry.npmjs.org/path-to-regexp/-/path-to-regexp-8.3.0.tgz 0ms (cache hit)
1980 http cache @vercel/static-config@https://registry.npmjs.org/@vercel/static-config/-/static-config-3.1.2.tgz 0ms (cache hit)
1981 http cache path-to-regexp-updated@https://registry.npmjs.org/path-to-regexp/-/path-to-regexp-6.3.0.tgz 0ms (cache hit)
1982 http cache tsx@https://registry.npmjs.org/tsx/-/tsx-4.21.0.tgz 0ms (cache hit)
1983 http cache oxc-transform@https://registry.npmjs.org/oxc-transform/-/oxc-transform-0.111.0.tgz 0ms (cache hit)
1984 http cache srvx@https://registry.npmjs.org/srvx/-/srvx-0.8.9.tgz 0ms (cache hit)
1985 http cache nf3@https://registry.npmjs.org/nf3/-/nf3-0.3.6.tgz 0ms (cache hit)
1986 http cache execa@https://registry.npmjs.org/execa/-/execa-3.2.0.tgz 0ms (cache hit)
1987 http cache @vercel/nft@https://registry.npmjs.org/@vercel/nft/-/nft-1.3.0.tgz 0ms (cache hit)
1988 http cache rolldown@https://registry.npmjs.org/rolldown/-/rolldown-1.0.0-rc.1.tgz 0ms (cache hit)
1989 http cache throttleit@https://registry.npmjs.org/throttleit/-/throttleit-2.1.0.tgz 0ms (cache hit)
1990 http cache is-node-process@https://registry.npmjs.org/is-node-process/-/is-node-process-1.2.0.tgz 0ms (cache hit)
1991 http cache is-buffer@https://registry.npmjs.org/is-buffer/-/is-buffer-2.0.5.tgz 0ms (cache hit)
1992 http cache async-retry@https://registry.npmjs.org/async-retry/-/async-retry-1.3.3.tgz 0ms (cache hit)
1993 http cache fs-extra@https://registry.npmjs.org/fs-extra/-/fs-extra-11.1.0.tgz 0ms (cache hit)
1994 http cache @vercel/introspection@https://registry.npmjs.org/@vercel/introspection/-/introspection-0.0.10.tgz 0ms (cache hit)
1995 http cache resolve.exports@https://registry.npmjs.org/resolve.exports/-/resolve.exports-2.0.3.tgz 0ms (cache hit)
1996 http cache typescript@https://registry.npmjs.org/typescript/-/typescript-5.9.3.tgz 0ms (cache hit)
1997 http cache @vercel/cervel@https://registry.npmjs.org/@vercel/cervel/-/cervel-0.0.11.tgz 0ms (cache hit)
1998 http cache form-data@https://registry.npmjs.org/form-data/-/form-data-4.0.5.tgz 0ms (cache hit)
1999 http cache esbuild@https://registry.npmjs.org/esbuild/-/esbuild-0.27.0.tgz 0ms (cache hit)
2000 http cache jose@https://registry.npmjs.org/jose/-/jose-5.9.6.tgz 0ms (cache hit)
2001 http cache chokidar@https://registry.npmjs.org/chokidar/-/chokidar-4.0.0.tgz 0ms (cache hit)
2002 http cache @vercel/static-build@https://registry.npmjs.org/@vercel/static-build/-/static-build-2.8.28.tgz 0ms (cache hit)
2003 http cache @vercel/ruby@https://registry.npmjs.org/@vercel/ruby/-/ruby-2.2.5.tgz 0ms (cache hit)
2004 http cache @vercel/rust@https://registry.npmjs.org/@vercel/rust/-/rust-1.0.5.tgz 0ms (cache hit)
2005 http cache @vercel/remix-builder@https://registry.npmjs.org/@vercel/remix-builder/-/remix-builder-5.5.9.tgz 0ms (cache hit)
2006 http cache @vercel/redwood@https://registry.npmjs.org/@vercel/redwood/-/redwood-2.4.9.tgz 0ms (cache hit)
2007 http cache @vercel/python@https://registry.npmjs.org/@vercel/python/-/python-6.4.2.tgz 0ms (cache hit)
2008 http cache @vercel/node@https://registry.npmjs.org/@vercel/node/-/node-5.5.28.tgz 0ms (cache hit)
2009 http cache @vercel/next@https://registry.npmjs.org/@vercel/next/-/next-4.15.20.tgz 0ms (cache hit)
2010 http cache undici@https://registry.npmjs.org/undici/-/undici-5.29.0.tgz 0ms (cache hit)
2011 http cache @vercel/nestjs@https://registry.npmjs.org/@vercel/nestjs/-/nestjs-0.2.31.tgz 0ms (cache hit)
2012 http cache @vercel/hydrogen@https://registry.npmjs.org/@vercel/hydrogen/-/hydrogen-1.3.5.tgz 0ms (cache hit)
2013 http cache @vercel/h3@https://registry.npmjs.org/@vercel/h3/-/h3-0.1.36.tgz 0ms (cache hit)
2014 http cache @vercel/go@https://registry.npmjs.org/@vercel/go/-/go-3.3.4.tgz 0ms (cache hit)
2015 http cache @vercel/fun@https://registry.npmjs.org/@vercel/fun/-/fun-1.2.1.tgz 0ms (cache hit)
2016 http cache @vercel/koa@https://registry.npmjs.org/@vercel/koa/-/koa-0.1.10.tgz 0ms (cache hit)
2017 http cache @vercel/fastify@https://registry.npmjs.org/@vercel/fastify/-/fastify-0.1.30.tgz 0ms (cache hit)
2018 http cache @vercel/express@https://registry.npmjs.org/@vercel/express/-/express-0.1.35.tgz 0ms (cache hit)
2019 http cache @vercel/detect-agent@https://registry.npmjs.org/@vercel/detect-agent/-/detect-agent-1.1.0.tgz 0ms (cache hit)
2020 http cache @vercel/elysia@https://registry.npmjs.org/@vercel/elysia/-/elysia-0.1.27.tgz 0ms (cache hit)
2021 http cache @vercel/build-utils@https://registry.npmjs.org/@vercel/build-utils/-/build-utils-13.2.16.tgz 0ms (cache hit)
2022 http cache @vercel/blob@https://registry.npmjs.org/@vercel/blob/-/blob-1.0.2.tgz 0ms (cache hit)
2023 http cache @vercel/backends@https://registry.npmjs.org/@vercel/backends/-/backends-0.0.24.tgz 0ms (cache hit)
2024 http cache vercel@https://registry.npmjs.org/vercel/-/vercel-50.9.6.tgz 0ms (cache hit)
2025 http cache picomatch@https://registry.npmjs.org/picomatch/-/picomatch-2.3.1.tgz 0ms (cache hit)
2026 http cache minimatch@https://registry.npmjs.org/minimatch/-/minimatch-3.1.2.tgz 0ms (cache hit)
2027 http cache minipass@https://registry.npmjs.org/minipass/-/minipass-3.3.6.tgz 0ms (cache hit)
2028 http cache minipass@https://registry.npmjs.org/minipass/-/minipass-3.3.6.tgz 0ms (cache hit)
2029 http cache async-listen@https://registry.npmjs.org/async-listen/-/async-listen-3.0.1.tgz 0ms (cache hit)
2030 http cache yallist@https://registry.npmjs.org/yallist/-/yallist-5.0.0.tgz 0ms (cache hit)
2031 http cache chownr@https://registry.npmjs.org/chownr/-/chownr-3.0.0.tgz 0ms (cache hit)
2032 http cache minizlib@https://registry.npmjs.org/minizlib/-/minizlib-3.1.0.tgz 0ms (cache hit)
2033 http cache tar@https://registry.npmjs.org/tar/-/tar-7.5.7.tgz 0ms (cache hit)
2034 http cache minipass@https://registry.npmjs.org/minipass/-/minipass-5.0.0.tgz 0ms (cache hit)
2035 http cache once@https://registry.npmjs.org/once/-/once-1.3.3.tgz 0ms (cache hit)
2036 http cache end-of-stream@https://registry.npmjs.org/end-of-stream/-/end-of-stream-1.1.0.tgz 0ms (cache hit)
2037 http cache lru-cache@https://registry.npmjs.org/lru-cache/-/lru-cache-6.0.0.tgz 0ms (cache hit)
2038 http cache ms@https://registry.npmjs.org/ms/-/ms-2.1.2.tgz 0ms (cache hit)
2039 http cache signal-exit@https://registry.npmjs.org/signal-exit/-/signal-exit-3.0.7.tgz 0ms (cache hit)
2040 http cache signal-exit@https://registry.npmjs.org/signal-exit/-/signal-exit-3.0.7.tgz 0ms (cache hit)
2041 http cache human-signals@https://registry.npmjs.org/human-signals/-/human-signals-2.1.0.tgz 0ms (cache hit)
2042 http cache get-stream@https://registry.npmjs.org/get-stream/-/get-stream-6.0.1.tgz 0ms (cache hit)
2043 http cache execa@https://registry.npmjs.org/execa/-/execa-5.1.1.tgz 0ms (cache hit)
2044 http cache path-to-regexp@https://registry.npmjs.org/path-to-regexp/-/path-to-regexp-6.1.0.tgz 0ms (cache hit)
2045 http cache @vercel/nft@https://registry.npmjs.org/@vercel/nft/-/nft-1.1.1.tgz 0ms (cache hit)
2046 http cache semver@https://registry.npmjs.org/semver/-/semver-6.3.1.tgz 0ms (cache hit)
2047 http cache @vercel/nft@https://registry.npmjs.org/@vercel/nft/-/nft-1.1.1.tgz 0ms (cache hit)
2048 http cache undici@https://registry.npmjs.org/undici/-/undici-5.28.4.tgz 0ms (cache hit)
2049 http cache typescript@https://registry.npmjs.org/typescript/-/typescript-4.9.5.tgz 0ms (cache hit)
2050 http cache path-to-regexp@https://registry.npmjs.org/path-to-regexp/-/path-to-regexp-6.1.0.tgz 0ms (cache hit)
2051 http cache node-fetch@https://registry.npmjs.org/node-fetch/-/node-fetch-2.6.9.tgz 0ms (cache hit)
2052 http cache async-listen@https://registry.npmjs.org/async-listen/-/async-listen-3.0.0.tgz 0ms (cache hit)
2053 http cache @vercel/nft@https://registry.npmjs.org/@vercel/nft/-/nft-1.1.1.tgz 0ms (cache hit)
2054 http cache @vercel/nft@https://registry.npmjs.org/@vercel/nft/-/nft-1.1.1.tgz 0ms (cache hit)
2055 http cache @vercel/nft@https://registry.npmjs.org/@vercel/nft/-/nft-1.1.1.tgz 0ms (cache hit)
2056 http cache path-to-regexp@https://registry.npmjs.org/path-to-regexp/-/path-to-regexp-8.2.0.tgz 0ms (cache hit)
2057 http cache @vercel/nft@https://registry.npmjs.org/@vercel/nft/-/nft-1.1.1.tgz 0ms (cache hit)
2058 http cache @vercel/hono@https://registry.npmjs.org/@vercel/hono/-/hono-0.2.30.tgz 0ms (cache hit)
2059 silly tarball no local data for concat-map@https://registry.npmjs.org/concat-map/-/concat-map-0.0.1.tgz. Extracting by manifest.
2060 silly tarball no local data for balanced-match@https://registry.npmjs.org/balanced-match/-/balanced-match-1.0.2.tgz. Extracting by manifest.
2061 silly tarball no local data for brace-expansion@https://registry.npmjs.org/brace-expansion/-/brace-expansion-1.1.12.tgz. Extracting by manifest.
2062 silly tarball no local data for events-intercept@https://registry.npmjs.org/events-intercept/-/events-intercept-2.0.0.tgz. Extracting by manifest.
2063 silly tarball no local data for pend@https://registry.npmjs.org/pend/-/pend-1.2.0.tgz. Extracting by manifest.
2064 silly tarball no local data for fd-slicer@https://registry.npmjs.org/fd-slicer/-/fd-slicer-1.1.0.tgz. Extracting by manifest.
2065 silly tarball no local data for @isaacs/fs-minipass@https://registry.npmjs.org/@isaacs/fs-minipass/-/fs-minipass-4.0.1.tgz. Extracting by manifest.
2066 silly tarball no local data for yauzl-clone@https://registry.npmjs.org/yauzl-clone/-/yauzl-clone-1.0.4.tgz. Extracting by manifest.
2067 silly tarball no local data for yauzl@https://registry.npmjs.org/yauzl/-/yauzl-2.10.0.tgz. Extracting by manifest.
2068 silly tarball no local data for os-paths@https://registry.npmjs.org/os-paths/-/os-paths-4.4.0.tgz. Extracting by manifest.
2069 silly tarball no local data for xdg-portable@https://registry.npmjs.org/xdg-portable/-/xdg-portable-7.3.0.tgz. Extracting by manifest.
2070 silly tarball no local data for buffer-crc32@https://registry.npmjs.org/buffer-crc32/-/buffer-crc32-0.2.13.tgz. Extracting by manifest.
2071 silly tarball no local data for isexe@https://registry.npmjs.org/isexe/-/isexe-2.0.0.tgz. Extracting by manifest.
2072 silly tarball no local data for webidl-conversions@https://registry.npmjs.org/webidl-conversions/-/webidl-conversions-3.0.1.tgz. Extracting by manifest.
2073 silly tarball no local data for tr46@https://registry.npmjs.org/tr46/-/tr46-0.0.3.tgz. Extracting by manifest.
2074 silly tarball no local data for punycode@https://registry.npmjs.org/punycode/-/punycode-2.3.1.tgz. Extracting by manifest.
2075 silly tarball no local data for @fastify/busboy@https://registry.npmjs.org/@fastify/busboy/-/busboy-2.1.1.tgz. Extracting by manifest.
2076 silly tarball no local data for resolve-pkg-maps@https://registry.npmjs.org/resolve-pkg-maps/-/resolve-pkg-maps-1.0.0.tgz. Extracting by manifest.
2077 silly tarball no local data for get-tsconfig@https://registry.npmjs.org/get-tsconfig/-/get-tsconfig-4.13.1.tgz. Extracting by manifest.
2078 silly tarball no local data for @jridgewell/sourcemap-codec@https://registry.npmjs.org/@jridgewell/sourcemap-codec/-/sourcemap-codec-1.5.5.tgz. Extracting by manifest.
2079 silly tarball no local data for @jridgewell/resolve-uri@https://registry.npmjs.org/@jridgewell/resolve-uri/-/resolve-uri-3.1.2.tgz. Extracting by manifest.
2080 silly tarball no local data for fsevents@https://registry.npmjs.org/fsevents/-/fsevents-2.3.3.tgz. Extracting by manifest.
2081 silly tarball no local data for @jridgewell/trace-mapping@https://registry.npmjs.org/@jridgewell/trace-mapping/-/trace-mapping-0.3.9.tgz. Extracting by manifest.
2082 silly tarball no local data for yn@https://registry.npmjs.org/yn/-/yn-3.1.1.tgz. Extracting by manifest.
2083 silly tarball no local data for v8-compile-cache-lib@https://registry.npmjs.org/v8-compile-cache-lib/-/v8-compile-cache-lib-3.0.1.tgz. Extracting by manifest.
2084 silly tarball no local data for make-error@https://registry.npmjs.org/make-error/-/make-error-1.3.6.tgz. Extracting by manifest.
2085 silly tarball no local data for diff@https://registry.npmjs.org/diff/-/diff-4.0.4.tgz. Extracting by manifest.
2086 silly tarball no local data for create-require@https://registry.npmjs.org/create-require/-/create-require-1.1.1.tgz. Extracting by manifest.
2087 silly tarball no local data for acorn-walk@https://registry.npmjs.org/acorn-walk/-/acorn-walk-8.3.4.tgz. Extracting by manifest.
2088 silly tarball no local data for @tsconfig/node16@https://registry.npmjs.org/@tsconfig/node16/-/node16-1.0.4.tgz. Extracting by manifest.
2089 silly tarball no local data for @tsconfig/node12@https://registry.npmjs.org/@tsconfig/node12/-/node12-1.0.11.tgz. Extracting by manifest.
2090 silly tarball no local data for @tsconfig/node10@https://registry.npmjs.org/@tsconfig/node10/-/node10-1.0.12.tgz. Extracting by manifest.
2091 silly tarball no local data for @cspotcode/source-map-support@https://registry.npmjs.org/@cspotcode/source-map-support/-/source-map-support-0.8.1.tgz. Extracting by manifest.
2092 silly tarball no local data for @tsconfig/node14@https://registry.npmjs.org/@tsconfig/node14/-/node14-1.0.3.tgz. Extracting by manifest.
2093 silly tarball no local data for is-number@https://registry.npmjs.org/is-number/-/is-number-7.0.0.tgz. Extracting by manifest.
2094 silly tarball no local data for queue-microtask@https://registry.npmjs.org/queue-microtask/-/queue-microtask-1.2.3.tgz. Extracting by manifest.
2095 silly tarball no local data for to-regex-range@https://registry.npmjs.org/to-regex-range/-/to-regex-range-5.0.1.tgz. Extracting by manifest.
2096 silly tarball no local data for fill-range@https://registry.npmjs.org/fill-range/-/fill-range-7.1.1.tgz. Extracting by manifest.
2097 silly tarball no local data for braces@https://registry.npmjs.org/braces/-/braces-3.0.3.tgz. Extracting by manifest.
2098 silly tarball no local data for is-extglob@https://registry.npmjs.org/is-extglob/-/is-extglob-2.1.1.tgz. Extracting by manifest.
2099 silly tarball no local data for reusify@https://registry.npmjs.org/reusify/-/reusify-1.1.0.tgz. Extracting by manifest.
2100 silly tarball no local data for is-glob@https://registry.npmjs.org/is-glob/-/is-glob-4.0.3.tgz. Extracting by manifest.
2101 silly tarball no local data for run-parallel@https://registry.npmjs.org/run-parallel/-/run-parallel-1.2.0.tgz. Extracting by manifest.
2102 silly tarball no local data for fastq@https://registry.npmjs.org/fastq/-/fastq-1.20.1.tgz. Extracting by manifest.
2103 silly tarball no local data for @nodelib/fs.scandir@https://registry.npmjs.org/@nodelib/fs.scandir/-/fs.scandir-2.1.5.tgz. Extracting by manifest.
2104 silly tarball no local data for micromatch@https://registry.npmjs.org/micromatch/-/micromatch-4.0.8.tgz. Extracting by manifest.
2105 silly tarball no local data for merge2@https://registry.npmjs.org/merge2/-/merge2-1.4.1.tgz. Extracting by manifest.
2106 silly tarball no local data for glob-parent@https://registry.npmjs.org/glob-parent/-/glob-parent-5.1.2.tgz. Extracting by manifest.
2107 silly tarball no local data for @nodelib/fs.walk@https://registry.npmjs.org/@nodelib/fs.walk/-/fs.walk-1.2.8.tgz. Extracting by manifest.
2108 silly tarball no local data for @nodelib/fs.stat@https://registry.npmjs.org/@nodelib/fs.stat/-/fs.stat-2.0.5.tgz. Extracting by manifest.
2109 silly tarball no local data for path-browserify@https://registry.npmjs.org/path-browserify/-/path-browserify-1.0.1.tgz. Extracting by manifest.
2110 silly tarball no local data for code-block-writer@https://registry.npmjs.org/code-block-writer/-/code-block-writer-10.1.1.tgz. Extracting by manifest.
2111 silly tarball no local data for @ts-morph/common@https://registry.npmjs.org/@ts-morph/common/-/common-0.11.1.tgz. Extracting by manifest.
2112 silly tarball no local data for convert-hrtime@https://registry.npmjs.org/convert-hrtime/-/convert-hrtime-3.0.0.tgz. Extracting by manifest.
2113 silly tarball no local data for yallist@https://registry.npmjs.org/yallist/-/yallist-4.0.0.tgz. Extracting by manifest.
2114 silly tarball no local data for mkdirp@https://registry.npmjs.org/mkdirp/-/mkdirp-1.0.4.tgz. Extracting by manifest.
2115 silly tarball no local data for minizlib@https://registry.npmjs.org/minizlib/-/minizlib-2.1.2.tgz. Extracting by manifest.
2116 silly tarball no local data for fs-minipass@https://registry.npmjs.org/fs-minipass/-/fs-minipass-2.1.0.tgz. Extracting by manifest.
2117 silly tarball no local data for chownr@https://registry.npmjs.org/chownr/-/chownr-2.0.0.tgz. Extracting by manifest.
2118 silly tarball no local data for stream-to-array@https://registry.npmjs.org/stream-to-array/-/stream-to-array-2.3.0.tgz. Extracting by manifest.
2119 silly tarball no local data for any-promise@https://registry.npmjs.org/any-promise/-/any-promise-1.3.0.tgz. Extracting by manifest.
2120 silly tarball no local data for cookie-es@https://registry.npmjs.org/cookie-es/-/cookie-es-2.0.0.tgz. Extracting by manifest.
2121 silly tarball no local data for shebang-regex@https://registry.npmjs.org/shebang-regex/-/shebang-regex-3.0.0.tgz. Extracting by manifest.
2122 silly tarball no local data for @rolldown/pluginutils@https://registry.npmjs.org/@rolldown/pluginutils/-/pluginutils-1.0.0-rc.1.tgz. Extracting by manifest.
2123 silly tarball no local data for @rolldown/binding-darwin-arm64@https://registry.npmjs.org/@rolldown/binding-darwin-arm64/-/binding-darwin-arm64-1.0.0-rc.1.tgz. Extracting by manifest.
2124 silly tarball no local data for @oxc-project/types@https://registry.npmjs.org/@oxc-project/types/-/types-0.110.0.tgz. Extracting by manifest.
2125 silly tarball no local data for safer-buffer@https://registry.npmjs.org/safer-buffer/-/safer-buffer-2.1.2.tgz. Extracting by manifest.
2126 silly tarball no local data for toidentifier@https://registry.npmjs.org/toidentifier/-/toidentifier-1.0.0.tgz. Extracting by manifest.
2127 silly tarball no local data for statuses@https://registry.npmjs.org/statuses/-/statuses-1.5.0.tgz. Extracting by manifest.
2128 silly tarball no local data for setprototypeof@https://registry.npmjs.org/setprototypeof/-/setprototypeof-1.1.1.tgz. Extracting by manifest.
2129 silly tarball no local data for inherits@https://registry.npmjs.org/inherits/-/inherits-2.0.4.tgz. Extracting by manifest.
2130 silly tarball no local data for depd@https://registry.npmjs.org/depd/-/depd-1.1.2.tgz. Extracting by manifest.
2131 silly tarball no local data for unpipe@https://registry.npmjs.org/unpipe/-/unpipe-1.0.0.tgz. Extracting by manifest.
2132 silly tarball no local data for iconv-lite@https://registry.npmjs.org/iconv-lite/-/iconv-lite-0.4.24.tgz. Extracting by manifest.
2133 silly tarball no local data for http-errors@https://registry.npmjs.org/http-errors/-/http-errors-1.7.3.tgz. Extracting by manifest.
2134 silly tarball no local data for once@https://registry.npmjs.org/once/-/once-1.4.0.tgz. Extracting by manifest.
2135 silly tarball no local data for bytes@https://registry.npmjs.org/bytes/-/bytes-3.1.0.tgz. Extracting by manifest.
2136 silly tarball no local data for end-of-stream@https://registry.npmjs.org/end-of-stream/-/end-of-stream-1.4.5.tgz. Extracting by manifest.
2137 silly tarball no local data for parse-ms@https://registry.npmjs.org/parse-ms/-/parse-ms-2.1.0.tgz. Extracting by manifest.
2138 silly tarball no local data for lru-cache@https://registry.npmjs.org/lru-cache/-/lru-cache-11.2.5.tgz. Extracting by manifest.
2139 silly tarball no local data for tslib@https://registry.npmjs.org/tslib/-/tslib-2.8.1.tgz. Extracting by manifest.
2140 silly tarball no local data for @emnapi/wasi-threads@https://registry.npmjs.org/@emnapi/wasi-threads/-/wasi-threads-1.1.0.tgz. Extracting by manifest.
2141 silly tarball no local data for @tybys/wasm-util@https://registry.npmjs.org/@tybys/wasm-util/-/wasm-util-0.10.1.tgz. Extracting by manifest.
2142 silly tarball no local data for wrappy@https://registry.npmjs.org/wrappy/-/wrappy-1.0.2.tgz. Extracting by manifest.
2143 silly tarball no local data for @emnapi/runtime@https://registry.npmjs.org/@emnapi/runtime/-/runtime-1.8.1.tgz. Extracting by manifest.
2144 silly tarball no local data for @napi-rs/wasm-runtime@https://registry.npmjs.org/@napi-rs/wasm-runtime/-/wasm-runtime-1.1.1.tgz. Extracting by manifest.
2145 silly tarball no local data for @emnapi/core@https://registry.npmjs.org/@emnapi/core/-/core-1.8.1.tgz. Extracting by manifest.
2146 silly tarball no local data for @oxc-transform/binding-darwin-arm64@https://registry.npmjs.org/@oxc-transform/binding-darwin-arm64/-/binding-darwin-arm64-0.111.0.tgz. Extracting by manifest.
2147 silly tarball no local data for mimic-fn@https://registry.npmjs.org/mimic-fn/-/mimic-fn-2.1.0.tgz. Extracting by manifest.
2148 silly tarball no local data for abbrev@https://registry.npmjs.org/abbrev/-/abbrev-3.0.1.tgz. Extracting by manifest.
2149 silly tarball no local data for whatwg-url@https://registry.npmjs.org/whatwg-url/-/whatwg-url-5.0.0.tgz. Extracting by manifest.
2150 silly tarball no local data for @isaacs/balanced-match@https://registry.npmjs.org/@isaacs/balanced-match/-/balanced-match-4.0.1.tgz. Extracting by manifest.
2151 silly tarball no local data for @isaacs/brace-expansion@https://registry.npmjs.org/@isaacs/brace-expansion/-/brace-expansion-5.0.0.tgz. Extracting by manifest.
2152 silly tarball no local data for mime-db@https://registry.npmjs.org/mime-db/-/mime-db-1.52.0.tgz. Extracting by manifest.
2153 silly tarball no local data for raw-body@https://registry.npmjs.org/raw-body/-/raw-body-2.4.1.tgz. Extracting by manifest.
2154 silly tarball no local data for content-type@https://registry.npmjs.org/content-type/-/content-type-1.0.4.tgz. Extracting by manifest.
2155 silly tarball no local data for arg@https://registry.npmjs.org/arg/-/arg-4.1.0.tgz. Extracting by manifest.
2156 silly tarball no local data for ts-toolbelt@https://registry.npmjs.org/ts-toolbelt/-/ts-toolbelt-6.15.5.tgz. Extracting by manifest.
2157 silly tarball no local data for agent-base@https://registry.npmjs.org/agent-base/-/agent-base-7.1.4.tgz. Extracting by manifest.
2158 silly tarball no local data for path-scurry@https://registry.npmjs.org/path-scurry/-/path-scurry-2.0.1.tgz. Extracting by manifest.
2159 silly tarball no local data for minipass@https://registry.npmjs.org/minipass/-/minipass-7.1.2.tgz. Extracting by manifest.
2160 silly tarball no local data for minimatch@https://registry.npmjs.org/minimatch/-/minimatch-10.1.1.tgz. Extracting by manifest.
2161 silly tarball no local data for pump@https://registry.npmjs.org/pump/-/pump-3.0.3.tgz. Extracting by manifest.
2162 silly tarball no local data for @types/json-schema@https://registry.npmjs.org/@types/json-schema/-/json-schema-7.0.15.tgz. Extracting by manifest.
2163 silly tarball no local data for dunder-proto@https://registry.npmjs.org/dunder-proto/-/dunder-proto-1.0.1.tgz. Extracting by manifest.
2164 silly tarball no local data for math-intrinsics@https://registry.npmjs.org/math-intrinsics/-/math-intrinsics-1.1.0.tgz. Extracting by manifest.
2165 silly tarball no local data for has-symbols@https://registry.npmjs.org/has-symbols/-/has-symbols-1.1.0.tgz. Extracting by manifest.
2166 silly tarball no local data for gopd@https://registry.npmjs.org/gopd/-/gopd-1.2.0.tgz. Extracting by manifest.
2167 silly tarball no local data for get-proto@https://registry.npmjs.org/get-proto/-/get-proto-1.0.1.tgz. Extracting by manifest.
2168 silly tarball no local data for fast-glob@https://registry.npmjs.org/fast-glob/-/fast-glob-3.3.3.tgz. Extracting by manifest.
2169 silly tarball no local data for function-bind@https://registry.npmjs.org/function-bind/-/function-bind-1.1.2.tgz. Extracting by manifest.
2170 silly tarball no local data for es-object-atoms@https://registry.npmjs.org/es-object-atoms/-/es-object-atoms-1.1.1.tgz. Extracting by manifest.
2171 silly tarball no local data for es-define-property@https://registry.npmjs.org/es-define-property/-/es-define-property-1.0.1.tgz. Extracting by manifest.
2172 silly tarball no local data for universalify@https://registry.npmjs.org/universalify/-/universalify-2.0.1.tgz. Extracting by manifest.
2173 silly tarball no local data for jsonfile@https://registry.npmjs.org/jsonfile/-/jsonfile-6.2.0.tgz. Extracting by manifest.
2174 silly tarball no local data for has-tostringtag@https://registry.npmjs.org/has-tostringtag/-/has-tostringtag-1.0.2.tgz. Extracting by manifest.
2175 silly tarball no local data for get-intrinsic@https://registry.npmjs.org/get-intrinsic/-/get-intrinsic-1.3.0.tgz. Extracting by manifest.
2176 silly tarball no local data for es-errors@https://registry.npmjs.org/es-errors/-/es-errors-1.3.0.tgz. Extracting by manifest.
2177 silly tarball no local data for delayed-stream@https://registry.npmjs.org/delayed-stream/-/delayed-stream-1.0.0.tgz. Extracting by manifest.
2178 silly tarball no local data for hasown@https://registry.npmjs.org/hasown/-/hasown-2.0.2.tgz. Extracting by manifest.
2179 silly tarball no local data for es-set-tostringtag@https://registry.npmjs.org/es-set-tostringtag/-/es-set-tostringtag-2.1.0.tgz. Extracting by manifest.
2180 silly tarball no local data for combined-stream@https://registry.npmjs.org/combined-stream/-/combined-stream-1.0.8.tgz. Extracting by manifest.
2181 silly tarball no local data for asynckit@https://registry.npmjs.org/asynckit/-/asynckit-0.4.0.tgz. Extracting by manifest.
2182 silly tarball no local data for which@https://registry.npmjs.org/which/-/which-2.0.2.tgz. Extracting by manifest.
2183 silly tarball no local data for shebang-command@https://registry.npmjs.org/shebang-command/-/shebang-command-2.0.0.tgz. Extracting by manifest.
2184 silly tarball no local data for path-key@https://registry.npmjs.org/path-key/-/path-key-3.1.1.tgz. Extracting by manifest.
2185 silly tarball no local data for strip-final-newline@https://registry.npmjs.org/strip-final-newline/-/strip-final-newline-2.0.0.tgz. Extracting by manifest.
2186 silly tarball no local data for p-finally@https://registry.npmjs.org/p-finally/-/p-finally-2.0.1.tgz. Extracting by manifest.
2187 silly tarball no local data for onetime@https://registry.npmjs.org/onetime/-/onetime-5.1.2.tgz. Extracting by manifest.
2188 silly tarball no local data for npm-run-path@https://registry.npmjs.org/npm-run-path/-/npm-run-path-4.0.1.tgz. Extracting by manifest.
2189 silly tarball no local data for merge-stream@https://registry.npmjs.org/merge-stream/-/merge-stream-2.0.0.tgz. Extracting by manifest.
2190 silly tarball no local data for is-stream@https://registry.npmjs.org/is-stream/-/is-stream-2.0.1.tgz. Extracting by manifest.
2191 silly tarball no local data for human-signals@https://registry.npmjs.org/human-signals/-/human-signals-1.1.1.tgz. Extracting by manifest.
2192 silly tarball no local data for get-stream@https://registry.npmjs.org/get-stream/-/get-stream-5.2.0.tgz. Extracting by manifest.
2193 silly tarball no local data for cross-spawn@https://registry.npmjs.org/cross-spawn/-/cross-spawn-7.0.6.tgz. Extracting by manifest.
2194 silly tarball no local data for @esbuild/darwin-arm64@https://registry.npmjs.org/@esbuild/darwin-arm64/-/darwin-arm64-0.27.0.tgz. Extracting by manifest.
2195 silly tarball no local data for signal-exit@https://registry.npmjs.org/signal-exit/-/signal-exit-4.0.2.tgz. Extracting by manifest.
2196 silly tarball no local data for time-span@https://registry.npmjs.org/time-span/-/time-span-4.0.0.tgz. Extracting by manifest.
2197 silly tarball no local data for call-bind-apply-helpers@https://registry.npmjs.org/call-bind-apply-helpers/-/call-bind-apply-helpers-1.0.2.tgz. Extracting by manifest.
2198 silly tarball no local data for picocolors@https://registry.npmjs.org/picocolors/-/picocolors-1.0.0.tgz. Extracting by manifest.
2199 silly tarball no local data for mri@https://registry.npmjs.org/mri/-/mri-1.2.0.tgz. Extracting by manifest.
2200 silly tarball no local data for @edge-runtime/ponyfill@https://registry.npmjs.org/@edge-runtime/ponyfill/-/ponyfill-2.4.2.tgz. Extracting by manifest.
2201 silly tarball no local data for @edge-runtime/format@https://registry.npmjs.org/@edge-runtime/format/-/format-2.2.1.tgz. Extracting by manifest.
2202 silly tarball no local data for readdirp@https://registry.npmjs.org/readdirp/-/readdirp-4.1.2.tgz. Extracting by manifest.
2203 silly tarball no local data for pretty-ms@https://registry.npmjs.org/pretty-ms/-/pretty-ms-7.0.1.tgz. Extracting by manifest.
2204 silly tarball no local data for file-uri-to-path@https://registry.npmjs.org/file-uri-to-path/-/file-uri-to-path-1.0.0.tgz. Extracting by manifest.
2205 silly tarball no local data for uri-js@https://registry.npmjs.org/uri-js/-/uri-js-4.4.1.tgz. Extracting by manifest.
2206 silly tarball no local data for require-from-string@https://registry.npmjs.org/require-from-string/-/require-from-string-2.0.2.tgz. Extracting by manifest.
2207 silly tarball no local data for json-schema-traverse@https://registry.npmjs.org/json-schema-traverse/-/json-schema-traverse-1.0.0.tgz. Extracting by manifest.
2208 silly tarball no local data for fast-deep-equal@https://registry.npmjs.org/fast-deep-equal/-/fast-deep-equal-3.1.3.tgz. Extracting by manifest.
2209 silly tarball no local data for json-schema-to-ts@https://registry.npmjs.org/json-schema-to-ts/-/json-schema-to-ts-1.6.4.tgz. Extracting by manifest.
2210 silly tarball no local data for retry@https://registry.npmjs.org/retry/-/retry-0.13.1.tgz. Extracting by manifest.
2211 silly tarball no local data for ajv@https://registry.npmjs.org/ajv/-/ajv-8.6.3.tgz. Extracting by manifest.
2212 silly tarball no local data for @sinclair/typebox@https://registry.npmjs.org/@sinclair/typebox/-/typebox-0.25.24.tgz. Extracting by manifest.
2213 silly tarball no local data for web-vitals@https://registry.npmjs.org/web-vitals/-/web-vitals-0.2.4.tgz. Extracting by manifest.
2214 silly tarball no local data for @vercel/gatsby-plugin-vercel-builder@https://registry.npmjs.org/@vercel/gatsby-plugin-vercel-builder/-/gatsby-plugin-vercel-builder-2.0.127.tgz. Extracting by manifest.
2215 silly tarball no local data for @vercel/gatsby-plugin-vercel-analytics@https://registry.npmjs.org/@vercel/gatsby-plugin-vercel-analytics/-/gatsby-plugin-vercel-analytics-1.0.11.tgz. Extracting by manifest.
2216 silly tarball no local data for @iarna/toml@https://registry.npmjs.org/@iarna/toml/-/toml-2.2.5.tgz. Extracting by manifest.
2217 silly tarball no local data for undici-types@https://registry.npmjs.org/undici-types/-/undici-types-5.26.5.tgz. Extracting by manifest.
2218 silly tarball no local data for typescript5@https://registry.npmjs.org/typescript/-/typescript-5.9.3.tgz. Extracting by manifest.
2219 silly tarball no local data for ts-node@https://registry.npmjs.org/ts-node/-/ts-node-10.9.1.tgz. Extracting by manifest.
2220 silly tarball no local data for mime-types@https://registry.npmjs.org/mime-types/-/mime-types-2.1.35.tgz. Extracting by manifest.
2221 silly tarball no local data for etag@https://registry.npmjs.org/etag/-/etag-1.8.1.tgz. Extracting by manifest.
2222 silly tarball no local data for es-module-lexer@https://registry.npmjs.org/es-module-lexer/-/es-module-lexer-1.4.1.tgz. Extracting by manifest.
2223 silly tarball no local data for edge-runtime@https://registry.npmjs.org/edge-runtime/-/edge-runtime-2.5.9.tgz. Extracting by manifest.
2224 silly tarball no local data for cjs-module-lexer@https://registry.npmjs.org/cjs-module-lexer/-/cjs-module-lexer-1.2.3.tgz. Extracting by manifest.
2225 silly tarball no local data for @types/node@https://registry.npmjs.org/@types/node/-/node-20.11.0.tgz. Extracting by manifest.
2226 silly tarball no local data for @vercel/error-utils@https://registry.npmjs.org/@vercel/error-utils/-/error-utils-2.0.3.tgz. Extracting by manifest.
2227 silly tarball no local data for @edge-runtime/vm@https://registry.npmjs.org/@edge-runtime/vm/-/vm-3.2.0.tgz. Extracting by manifest.
2228 silly tarball no local data for @edge-runtime/primitives@https://registry.npmjs.org/@edge-runtime/primitives/-/primitives-4.1.0.tgz. Extracting by manifest.
2229 silly tarball no local data for @edge-runtime/node-utils@https://registry.npmjs.org/@edge-runtime/node-utils/-/node-utils-2.3.0.tgz. Extracting by manifest.
2230 silly tarball no local data for nopt@https://registry.npmjs.org/nopt/-/nopt-8.1.0.tgz. Extracting by manifest.
2231 silly tarball no local data for https-proxy-agent@https://registry.npmjs.org/https-proxy-agent/-/https-proxy-agent-7.0.6.tgz. Extracting by manifest.
2232 silly tarball no local data for detect-libc@https://registry.npmjs.org/detect-libc/-/detect-libc-2.1.2.tgz. Extracting by manifest.
2233 silly tarball no local data for consola@https://registry.npmjs.org/consola/-/consola-3.4.2.tgz. Extracting by manifest.
2234 silly tarball no local data for resolve-from@https://registry.npmjs.org/resolve-from/-/resolve-from-5.0.0.tgz. Extracting by manifest.
2235 silly tarball no local data for @types/estree@https://registry.npmjs.org/@types/estree/-/estree-1.0.8.tgz. Extracting by manifest.
2236 silly tarball no local data for picomatch@https://registry.npmjs.org/picomatch/-/picomatch-4.0.3.tgz. Extracting by manifest.
2237 silly tarball no local data for node-gyp-build@https://registry.npmjs.org/node-gyp-build/-/node-gyp-build-4.8.4.tgz. Extracting by manifest.
2238 silly tarball no local data for graceful-fs@https://registry.npmjs.org/graceful-fs/-/graceful-fs-4.2.11.tgz. Extracting by manifest.
2239 silly tarball no local data for glob@https://registry.npmjs.org/glob/-/glob-13.0.0.tgz. Extracting by manifest.
2240 silly tarball no local data for estree-walker@https://registry.npmjs.org/estree-walker/-/estree-walker-2.0.2.tgz. Extracting by manifest.
2241 silly tarball no local data for bindings@https://registry.npmjs.org/bindings/-/bindings-1.5.0.tgz. Extracting by manifest.
2242 silly tarball no local data for async-sema@https://registry.npmjs.org/async-sema/-/async-sema-3.1.1.tgz. Extracting by manifest.
2243 silly tarball no local data for acorn-import-attributes@https://registry.npmjs.org/acorn-import-attributes/-/acorn-import-attributes-1.9.5.tgz. Extracting by manifest.
2244 silly tarball no local data for acorn@https://registry.npmjs.org/acorn/-/acorn-8.15.0.tgz. Extracting by manifest.
2245 silly tarball no local data for @rollup/pluginutils@https://registry.npmjs.org/@rollup/pluginutils/-/pluginutils-5.3.0.tgz. Extracting by manifest.
2246 silly tarball no local data for @mapbox/node-pre-gyp@https://registry.npmjs.org/@mapbox/node-pre-gyp/-/node-pre-gyp-2.0.3.tgz. Extracting by manifest.
2247 silly tarball no local data for yauzl-promise@https://registry.npmjs.org/yauzl-promise/-/yauzl-promise-2.1.3.tgz. Extracting by manifest.
2248 silly tarball no local data for xdg-app-paths@https://registry.npmjs.org/xdg-app-paths/-/xdg-app-paths-5.1.0.tgz. Extracting by manifest.
2249 silly tarball no local data for uid-promise@https://registry.npmjs.org/uid-promise/-/uid-promise-1.0.0.tgz. Extracting by manifest.
2250 silly tarball no local data for tree-kill@https://registry.npmjs.org/tree-kill/-/tree-kill-1.2.2.tgz. Extracting by manifest.
2251 silly tarball no local data for tinyexec@https://registry.npmjs.org/tinyexec/-/tinyexec-0.3.2.tgz. Extracting by manifest.
2252 silly tarball no local data for tar@https://registry.npmjs.org/tar/-/tar-6.2.1.tgz. Extracting by manifest.
2253 silly tarball no local data for stream-to-promise@https://registry.npmjs.org/stream-to-promise/-/stream-to-promise-2.2.0.tgz. Extracting by manifest.
2254 silly tarball no local data for stat-mode@https://registry.npmjs.org/stat-mode/-/stat-mode-0.3.0.tgz. Extracting by manifest.
2255 silly tarball no local data for semver@https://registry.npmjs.org/semver/-/semver-7.5.4.tgz. Extracting by manifest.
2256 silly tarball no local data for promisepipe@https://registry.npmjs.org/promisepipe/-/promisepipe-3.0.0.tgz. Extracting by manifest.
2257 silly tarball no local data for node-fetch@https://registry.npmjs.org/node-fetch/-/node-fetch-2.6.7.tgz. Extracting by manifest.
2258 silly tarball no local data for ms@https://registry.npmjs.org/ms/-/ms-2.1.1.tgz. Extracting by manifest.
2259 silly tarball no local data for micro@https://registry.npmjs.org/micro/-/micro-9.3.5-canary.3.tgz. Extracting by manifest.
2260 silly tarball no local data for generic-pool@https://registry.npmjs.org/generic-pool/-/generic-pool-3.4.2.tgz. Extracting by manifest.
2261 silly tarball no local data for debug@https://registry.npmjs.org/debug/-/debug-4.3.4.tgz. Extracting by manifest.
2262 silly tarball no local data for async-listen@https://registry.npmjs.org/async-listen/-/async-listen-1.2.0.tgz. Extracting by manifest.
2263 silly tarball no local data for @tootallnate/once@https://registry.npmjs.org/@tootallnate/once/-/once-2.0.0.tgz. Extracting by manifest.
2264 silly tarball no local data for zod@https://registry.npmjs.org/zod/-/zod-3.22.4.tgz. Extracting by manifest.
2265 silly tarball no local data for ts-morph@https://registry.npmjs.org/ts-morph/-/ts-morph-12.0.0.tgz. Extracting by manifest.
2266 silly tarball no local data for path-to-regexp@https://registry.npmjs.org/path-to-regexp/-/path-to-regexp-8.3.0.tgz. Extracting by manifest.
2267 silly tarball no local data for @vercel/static-config@https://registry.npmjs.org/@vercel/static-config/-/static-config-3.1.2.tgz. Extracting by manifest.
2268 silly tarball no local data for path-to-regexp-updated@https://registry.npmjs.org/path-to-regexp/-/path-to-regexp-6.3.0.tgz. Extracting by manifest.
2269 silly tarball no local data for tsx@https://registry.npmjs.org/tsx/-/tsx-4.21.0.tgz. Extracting by manifest.
2270 silly tarball no local data for oxc-transform@https://registry.npmjs.org/oxc-transform/-/oxc-transform-0.111.0.tgz. Extracting by manifest.
2271 silly tarball no local data for srvx@https://registry.npmjs.org/srvx/-/srvx-0.8.9.tgz. Extracting by manifest.
2272 silly tarball no local data for nf3@https://registry.npmjs.org/nf3/-/nf3-0.3.6.tgz. Extracting by manifest.
2273 silly tarball no local data for execa@https://registry.npmjs.org/execa/-/execa-3.2.0.tgz. Extracting by manifest.
2274 silly tarball no local data for @vercel/nft@https://registry.npmjs.org/@vercel/nft/-/nft-1.3.0.tgz. Extracting by manifest.
2275 silly tarball no local data for rolldown@https://registry.npmjs.org/rolldown/-/rolldown-1.0.0-rc.1.tgz. Extracting by manifest.
2276 silly tarball no local data for throttleit@https://registry.npmjs.org/throttleit/-/throttleit-2.1.0.tgz. Extracting by manifest.
2277 silly tarball no local data for is-node-process@https://registry.npmjs.org/is-node-process/-/is-node-process-1.2.0.tgz. Extracting by manifest.
2278 silly tarball no local data for is-buffer@https://registry.npmjs.org/is-buffer/-/is-buffer-2.0.5.tgz. Extracting by manifest.
2279 silly tarball no local data for async-retry@https://registry.npmjs.org/async-retry/-/async-retry-1.3.3.tgz. Extracting by manifest.
2280 silly tarball no local data for fs-extra@https://registry.npmjs.org/fs-extra/-/fs-extra-11.1.0.tgz. Extracting by manifest.
2281 silly tarball no local data for @vercel/introspection@https://registry.npmjs.org/@vercel/introspection/-/introspection-0.0.10.tgz. Extracting by manifest.
2282 silly tarball no local data for resolve.exports@https://registry.npmjs.org/resolve.exports/-/resolve.exports-2.0.3.tgz. Extracting by manifest.
2283 silly tarball no local data for typescript@https://registry.npmjs.org/typescript/-/typescript-5.9.3.tgz. Extracting by manifest.
2284 silly tarball no local data for @vercel/cervel@https://registry.npmjs.org/@vercel/cervel/-/cervel-0.0.11.tgz. Extracting by manifest.
2285 silly tarball no local data for form-data@https://registry.npmjs.org/form-data/-/form-data-4.0.5.tgz. Extracting by manifest.
2286 silly tarball no local data for esbuild@https://registry.npmjs.org/esbuild/-/esbuild-0.27.0.tgz. Extracting by manifest.
2287 silly tarball no local data for jose@https://registry.npmjs.org/jose/-/jose-5.9.6.tgz. Extracting by manifest.
2288 silly tarball no local data for chokidar@https://registry.npmjs.org/chokidar/-/chokidar-4.0.0.tgz. Extracting by manifest.
2289 silly tarball no local data for @vercel/static-build@https://registry.npmjs.org/@vercel/static-build/-/static-build-2.8.28.tgz. Extracting by manifest.
2290 silly tarball no local data for @vercel/ruby@https://registry.npmjs.org/@vercel/ruby/-/ruby-2.2.5.tgz. Extracting by manifest.
2291 silly tarball no local data for @vercel/rust@https://registry.npmjs.org/@vercel/rust/-/rust-1.0.5.tgz. Extracting by manifest.
2292 silly tarball no local data for @vercel/remix-builder@https://registry.npmjs.org/@vercel/remix-builder/-/remix-builder-5.5.9.tgz. Extracting by manifest.
2293 silly tarball no local data for @vercel/redwood@https://registry.npmjs.org/@vercel/redwood/-/redwood-2.4.9.tgz. Extracting by manifest.
2294 silly tarball no local data for @vercel/python@https://registry.npmjs.org/@vercel/python/-/python-6.4.2.tgz. Extracting by manifest.
2295 silly tarball no local data for @vercel/node@https://registry.npmjs.org/@vercel/node/-/node-5.5.28.tgz. Extracting by manifest.
2296 silly tarball no local data for @vercel/next@https://registry.npmjs.org/@vercel/next/-/next-4.15.20.tgz. Extracting by manifest.
2297 silly tarball no local data for undici@https://registry.npmjs.org/undici/-/undici-5.29.0.tgz. Extracting by manifest.
2298 silly tarball no local data for @vercel/nestjs@https://registry.npmjs.org/@vercel/nestjs/-/nestjs-0.2.31.tgz. Extracting by manifest.
2299 silly tarball no local data for @vercel/hydrogen@https://registry.npmjs.org/@vercel/hydrogen/-/hydrogen-1.3.5.tgz. Extracting by manifest.
2300 silly tarball no local data for @vercel/h3@https://registry.npmjs.org/@vercel/h3/-/h3-0.1.36.tgz. Extracting by manifest.
2301 silly tarball no local data for @vercel/go@https://registry.npmjs.org/@vercel/go/-/go-3.3.4.tgz. Extracting by manifest.
2302 silly tarball no local data for @vercel/fun@https://registry.npmjs.org/@vercel/fun/-/fun-1.2.1.tgz. Extracting by manifest.
2303 silly tarball no local data for @vercel/koa@https://registry.npmjs.org/@vercel/koa/-/koa-0.1.10.tgz. Extracting by manifest.
2304 silly tarball no local data for @vercel/fastify@https://registry.npmjs.org/@vercel/fastify/-/fastify-0.1.30.tgz. Extracting by manifest.
2305 silly tarball no local data for @vercel/express@https://registry.npmjs.org/@vercel/express/-/express-0.1.35.tgz. Extracting by manifest.
2306 silly tarball no local data for @vercel/detect-agent@https://registry.npmjs.org/@vercel/detect-agent/-/detect-agent-1.1.0.tgz. Extracting by manifest.
2307 silly tarball no local data for @vercel/elysia@https://registry.npmjs.org/@vercel/elysia/-/elysia-0.1.27.tgz. Extracting by manifest.
2308 silly tarball no local data for @vercel/build-utils@https://registry.npmjs.org/@vercel/build-utils/-/build-utils-13.2.16.tgz. Extracting by manifest.
2309 silly tarball no local data for @vercel/blob@https://registry.npmjs.org/@vercel/blob/-/blob-1.0.2.tgz. Extracting by manifest.
2310 silly tarball no local data for @vercel/backends@https://registry.npmjs.org/@vercel/backends/-/backends-0.0.24.tgz. Extracting by manifest.
2311 silly tarball no local data for vercel@https://registry.npmjs.org/vercel/-/vercel-50.9.6.tgz. Extracting by manifest.
2312 silly tarball no local data for picomatch@https://registry.npmjs.org/picomatch/-/picomatch-2.3.1.tgz. Extracting by manifest.
2313 silly tarball no local data for minimatch@https://registry.npmjs.org/minimatch/-/minimatch-3.1.2.tgz. Extracting by manifest.
2314 silly tarball no local data for minipass@https://registry.npmjs.org/minipass/-/minipass-3.3.6.tgz. Extracting by manifest.
2315 silly tarball no local data for minipass@https://registry.npmjs.org/minipass/-/minipass-3.3.6.tgz. Extracting by manifest.
2316 silly tarball no local data for async-listen@https://registry.npmjs.org/async-listen/-/async-listen-3.0.1.tgz. Extracting by manifest.
2317 silly tarball no local data for yallist@https://registry.npmjs.org/yallist/-/yallist-5.0.0.tgz. Extracting by manifest.
2318 silly tarball no local data for chownr@https://registry.npmjs.org/chownr/-/chownr-3.0.0.tgz. Extracting by manifest.
2319 silly tarball no local data for minizlib@https://registry.npmjs.org/minizlib/-/minizlib-3.1.0.tgz. Extracting by manifest.
2320 silly tarball no local data for tar@https://registry.npmjs.org/tar/-/tar-7.5.7.tgz. Extracting by manifest.
2321 silly tarball no local data for minipass@https://registry.npmjs.org/minipass/-/minipass-5.0.0.tgz. Extracting by manifest.
2322 silly tarball no local data for once@https://registry.npmjs.org/once/-/once-1.3.3.tgz. Extracting by manifest.
2323 silly tarball no local data for end-of-stream@https://registry.npmjs.org/end-of-stream/-/end-of-stream-1.1.0.tgz. Extracting by manifest.
2324 silly tarball no local data for lru-cache@https://registry.npmjs.org/lru-cache/-/lru-cache-6.0.0.tgz. Extracting by manifest.
2325 silly tarball no local data for ms@https://registry.npmjs.org/ms/-/ms-2.1.2.tgz. Extracting by manifest.
2326 silly tarball no local data for signal-exit@https://registry.npmjs.org/signal-exit/-/signal-exit-3.0.7.tgz. Extracting by manifest.
2327 silly tarball no local data for signal-exit@https://registry.npmjs.org/signal-exit/-/signal-exit-3.0.7.tgz. Extracting by manifest.
2328 silly tarball no local data for human-signals@https://registry.npmjs.org/human-signals/-/human-signals-2.1.0.tgz. Extracting by manifest.
2329 silly tarball no local data for get-stream@https://registry.npmjs.org/get-stream/-/get-stream-6.0.1.tgz. Extracting by manifest.
2330 silly tarball no local data for execa@https://registry.npmjs.org/execa/-/execa-5.1.1.tgz. Extracting by manifest.
2331 silly tarball no local data for path-to-regexp@https://registry.npmjs.org/path-to-regexp/-/path-to-regexp-6.1.0.tgz. Extracting by manifest.
2332 silly tarball no local data for @vercel/nft@https://registry.npmjs.org/@vercel/nft/-/nft-1.1.1.tgz. Extracting by manifest.
2333 silly tarball no local data for semver@https://registry.npmjs.org/semver/-/semver-6.3.1.tgz. Extracting by manifest.
2334 silly tarball no local data for @vercel/nft@https://registry.npmjs.org/@vercel/nft/-/nft-1.1.1.tgz. Extracting by manifest.
2335 silly tarball no local data for undici@https://registry.npmjs.org/undici/-/undici-5.28.4.tgz. Extracting by manifest.
2336 silly tarball no local data for typescript@https://registry.npmjs.org/typescript/-/typescript-4.9.5.tgz. Extracting by manifest.
2337 silly tarball no local data for path-to-regexp@https://registry.npmjs.org/path-to-regexp/-/path-to-regexp-6.1.0.tgz. Extracting by manifest.
2338 silly tarball no local data for node-fetch@https://registry.npmjs.org/node-fetch/-/node-fetch-2.6.9.tgz. Extracting by manifest.
2339 silly tarball no local data for async-listen@https://registry.npmjs.org/async-listen/-/async-listen-3.0.0.tgz. Extracting by manifest.
2340 silly tarball no local data for @vercel/nft@https://registry.npmjs.org/@vercel/nft/-/nft-1.1.1.tgz. Extracting by manifest.
2341 silly tarball no local data for @vercel/nft@https://registry.npmjs.org/@vercel/nft/-/nft-1.1.1.tgz. Extracting by manifest.
2342 silly tarball no local data for @vercel/nft@https://registry.npmjs.org/@vercel/nft/-/nft-1.1.1.tgz. Extracting by manifest.
2343 silly tarball no local data for path-to-regexp@https://registry.npmjs.org/path-to-regexp/-/path-to-regexp-8.2.0.tgz. Extracting by manifest.
2344 silly tarball no local data for @vercel/nft@https://registry.npmjs.org/@vercel/nft/-/nft-1.1.1.tgz. Extracting by manifest.
2345 silly tarball no local data for @vercel/hono@https://registry.npmjs.org/@vercel/hono/-/hono-0.2.30.tgz. Extracting by manifest.
2346 http fetch GET 200 https://registry.npmjs.org/concat-map/-/concat-map-0.0.1.tgz 72ms (cache miss)
2347 http fetch GET 200 https://registry.npmjs.org/balanced-match/-/balanced-match-1.0.2.tgz 82ms (cache miss)
2348 http fetch GET 200 https://registry.npmjs.org/events-intercept/-/events-intercept-2.0.0.tgz 81ms (cache miss)
2349 http fetch GET 200 https://registry.npmjs.org/brace-expansion/-/brace-expansion-1.1.12.tgz 88ms (cache miss)
2350 http fetch GET 200 https://registry.npmjs.org/fd-slicer/-/fd-slicer-1.1.0.tgz 92ms (cache miss)
2351 http fetch GET 200 https://registry.npmjs.org/pend/-/pend-1.2.0.tgz 92ms (cache miss)
2352 http fetch GET 200 https://registry.npmjs.org/@fastify/busboy/-/busboy-2.1.1.tgz 148ms (cache miss)
2353 http fetch POST 200 https://registry.npmjs.org/-/npm/v1/security/advisories/bulk 192ms
2354 silly audit report {
2354 silly audit report   undici: [
2354 silly audit report     {
2354 silly audit report       id: 1101610,
2354 silly audit report       url: 'https://github.com/advisories/GHSA-c76h-2ccp-4975',
2354 silly audit report       title: 'Use of Insufficiently Random Values in undici',
2354 silly audit report       severity: 'moderate',
2354 silly audit report       vulnerable_versions: '>=4.5.0 <5.28.5',
2354 silly audit report       cwe: [Array],
2354 silly audit report       cvss: [Object]
2354 silly audit report     },
2354 silly audit report     {
2354 silly audit report       id: 1104501,
2354 silly audit report       url: 'https://github.com/advisories/GHSA-cxrh-j4jr-qwg3',
2354 silly audit report       title: 'undici Denial of Service attack via bad certificate data',
2354 silly audit report       severity: 'low',
2354 silly audit report       vulnerable_versions: '<5.29.0',
2354 silly audit report       cwe: [Array],
2354 silly audit report       cvss: [Object]
2354 silly audit report     },
2354 silly audit report     {
2354 silly audit report       id: 1112496,
2354 silly audit report       url: 'https://github.com/advisories/GHSA-g9mf-h72j-4rw9',
2354 silly audit report       title: 'Undici has an unbounded decompression chain in HTTP responses on Node.js Fetch API via Content-Encoding leads to resource exhaustion',
2354 silly audit report       severity: 'moderate',
2354 silly audit report       vulnerable_versions: '<6.23.0',
2354 silly audit report       cwe: [Array],
2354 silly audit report       cvss: [Object]
2354 silly audit report     }
2354 silly audit report   ],
2354 silly audit report   'path-to-regexp': [
2354 silly audit report     {
2354 silly audit report       id: 1101846,
2354 silly audit report       url: 'https://github.com/advisories/GHSA-9wv6-86v2-598j',
2354 silly audit report       title: 'path-to-regexp outputs backtracking regular expressions',
2354 silly audit report       severity: 'high',
2354 silly audit report       vulnerable_versions: '>=4.0.0 <6.3.0',
2354 silly audit report       cwe: [Array],
2354 silly audit report       cvss: [Object]
2354 silly audit report     }
2354 silly audit report   ],
2354 silly audit report   tar: [
2354 silly audit report     {
2354 silly audit report       id: 1112255,
2354 silly audit report       url: 'https://github.com/advisories/GHSA-8qq5-rm4j-mr97',
2354 silly audit report       title: 'node-tar is Vulnerable to Arbitrary File Overwrite and Symlink Poisoning via Insufficient Path Sanitization',
2354 silly audit report       severity: 'high',
2354 silly audit report       vulnerable_versions: '<=7.5.2',
2354 silly audit report       cwe: [Array],
2354 silly audit report       cvss: [Object]
2354 silly audit report     },
2354 silly audit report     {
2354 silly audit report       id: 1112329,
2354 silly audit report       url: 'https://github.com/advisories/GHSA-r6q2-hw4h-h46w',
2354 silly audit report       title: 'Race Condition in node-tar Path Reservations via Unicode Ligature Collisions on macOS APFS',
2354 silly audit report       severity: 'high',
2354 silly audit report       vulnerable_versions: '<=7.5.3',
2354 silly audit report       cwe: [Array],
2354 silly audit report       cvss: [Object]
2354 silly audit report     },
2354 silly audit report     {
2354 silly audit report       id: 1112659,
2354 silly audit report       url: 'https://github.com/advisories/GHSA-34x7-hfp2-rc4v',
2354 silly audit report       title: 'node-tar Vulnerable to Arbitrary File Creation/Overwrite via Hardlink Path Traversal',
2354 silly audit report       severity: 'high',
2354 silly audit report       vulnerable_versions: '<7.5.7',
2354 silly audit report       cwe: [Array],
2354 silly audit report       cvss: [Object]
2354 silly audit report     }
2354 silly audit report   ]
2354 silly audit report }
2355 silly packumentCache corgi:https://registry.npmjs.org/undici cache-miss
2356 silly packumentCache corgi:https://registry.npmjs.org/path-to-regexp cache-miss
2357 silly packumentCache corgi:https://registry.npmjs.org/tar cache-miss
2358 http fetch GET 200 https://registry.npmjs.org/punycode/-/punycode-2.3.1.tgz 166ms (cache miss)
2359 http fetch GET 200 https://registry.npmjs.org/@jridgewell/sourcemap-codec/-/sourcemap-codec-1.5.5.tgz 173ms (cache miss)
2360 http fetch GET 200 https://registry.npmjs.org/os-paths/-/os-paths-4.4.0.tgz 202ms (cache miss)
2361 http fetch GET 200 https://registry.npmjs.org/webidl-conversions/-/webidl-conversions-3.0.1.tgz 202ms (cache miss)
2362 http fetch GET 200 https://registry.npmjs.org/@jridgewell/resolve-uri/-/resolve-uri-3.1.2.tgz 203ms (cache miss)
2363 http fetch GET 200 https://registry.npmjs.org/buffer-crc32/-/buffer-crc32-0.2.13.tgz 205ms (cache miss)
2364 http fetch GET 200 https://registry.npmjs.org/xdg-portable/-/xdg-portable-7.3.0.tgz 206ms (cache miss)
2365 http fetch GET 200 https://registry.npmjs.org/yauzl/-/yauzl-2.10.0.tgz 215ms (cache miss)
2366 http fetch GET 200 https://registry.npmjs.org/yn/-/yn-3.1.1.tgz 213ms (cache miss)
2367 http fetch GET 200 https://registry.npmjs.org/resolve-pkg-maps/-/resolve-pkg-maps-1.0.0.tgz 214ms (cache miss)
2368 http fetch GET 200 https://registry.npmjs.org/isexe/-/isexe-2.0.0.tgz 214ms (cache miss)
2369 http fetch GET 200 https://registry.npmjs.org/@isaacs/fs-minipass/-/fs-minipass-4.0.1.tgz 227ms (cache miss)
2370 http fetch GET 200 https://registry.npmjs.org/v8-compile-cache-lib/-/v8-compile-cache-lib-3.0.1.tgz 247ms (cache miss)
2371 http fetch GET 200 https://registry.npmjs.org/create-require/-/create-require-1.1.1.tgz 256ms (cache miss)
2372 http fetch GET 200 https://registry.npmjs.org/make-error/-/make-error-1.3.6.tgz 256ms (cache miss)
2373 http fetch GET 200 https://registry.npmjs.org/diff/-/diff-4.0.4.tgz 264ms (cache miss)
2374 http fetch GET 200 https://registry.npmjs.org/acorn-walk/-/acorn-walk-8.3.4.tgz 273ms (cache miss)
2375 http fetch GET 200 https://registry.npmjs.org/get-tsconfig/-/get-tsconfig-4.13.1.tgz 287ms (cache miss)
2376 http fetch GET 200 https://registry.npmjs.org/is-number/-/is-number-7.0.0.tgz 293ms (cache miss)
2377 http fetch GET 200 https://registry.npmjs.org/queue-microtask/-/queue-microtask-1.2.3.tgz 294ms (cache miss)
2378 http fetch GET 200 https://registry.npmjs.org/to-regex-range/-/to-regex-range-5.0.1.tgz 302ms (cache miss)
2379 http fetch GET 200 https://registry.npmjs.org/fill-range/-/fill-range-7.1.1.tgz 303ms (cache miss)
2380 http fetch GET 200 https://registry.npmjs.org/braces/-/braces-3.0.3.tgz 311ms (cache miss)
2381 http fetch GET 200 https://registry.npmjs.org/is-extglob/-/is-extglob-2.1.1.tgz 317ms (cache miss)
2382 http fetch GET 200 https://registry.npmjs.org/reusify/-/reusify-1.1.0.tgz 341ms (cache miss)
2383 http fetch GET 200 https://registry.npmjs.org/run-parallel/-/run-parallel-1.2.0.tgz 342ms (cache miss)
2384 http fetch GET 200 https://registry.npmjs.org/fastq/-/fastq-1.20.1.tgz 349ms (cache miss)
2385 http fetch GET 200 https://registry.npmjs.org/is-glob/-/is-glob-4.0.3.tgz 349ms (cache miss)
2386 http fetch GET 200 https://registry.npmjs.org/@nodelib/fs.scandir/-/fs.scandir-2.1.5.tgz 363ms (cache miss)
2387 http fetch GET 200 https://registry.npmjs.org/micromatch/-/micromatch-4.0.8.tgz 364ms (cache miss)
2388 http fetch GET 200 https://registry.npmjs.org/glob-parent/-/glob-parent-5.1.2.tgz 379ms (cache miss)
2389 http fetch GET 200 https://registry.npmjs.org/merge2/-/merge2-1.4.1.tgz 388ms (cache miss)
2390 http fetch GET 200 https://registry.npmjs.org/yauzl-clone/-/yauzl-clone-1.0.4.tgz 398ms (cache miss)
2391 http fetch GET 200 https://registry.npmjs.org/@tsconfig/node12/-/node12-1.0.11.tgz 418ms (cache miss)
2392 http fetch GET 200 https://registry.npmjs.org/@tsconfig/node16/-/node16-1.0.4.tgz 418ms (cache miss)
2393 http fetch GET 200 https://registry.npmjs.org/@nodelib/fs.walk/-/fs.walk-1.2.8.tgz 417ms (cache miss)
2394 http fetch GET 200 https://registry.npmjs.org/code-block-writer/-/code-block-writer-10.1.1.tgz 417ms (cache miss)
2395 http fetch GET 200 https://registry.npmjs.org/path-browserify/-/path-browserify-1.0.1.tgz 418ms (cache miss)
2396 http fetch GET 200 https://registry.npmjs.org/@nodelib/fs.stat/-/fs.stat-2.0.5.tgz 420ms (cache miss)
2397 http fetch GET 200 https://registry.npmjs.org/convert-hrtime/-/convert-hrtime-3.0.0.tgz 420ms (cache miss)
2398 http fetch GET 200 https://registry.npmjs.org/tr46/-/tr46-0.0.3.tgz 471ms (cache miss)
2399 http fetch GET 200 https://registry.npmjs.org/yallist/-/yallist-4.0.0.tgz 467ms (cache miss)
2400 http fetch GET 200 https://registry.npmjs.org/minizlib/-/minizlib-2.1.2.tgz 472ms (cache miss)
2401 http fetch GET 200 https://registry.npmjs.org/stream-to-array/-/stream-to-array-2.3.0.tgz 473ms (cache miss)
2402 http fetch GET 200 https://registry.npmjs.org/mkdirp/-/mkdirp-1.0.4.tgz 474ms (cache miss)
2403 http fetch GET 200 https://registry.npmjs.org/fs-minipass/-/fs-minipass-2.1.0.tgz 481ms (cache miss)
2404 http fetch GET 200 https://registry.npmjs.org/chownr/-/chownr-2.0.0.tgz 482ms (cache miss)
2405 http fetch GET 200 https://registry.npmjs.org/@cspotcode/source-map-support/-/source-map-support-0.8.1.tgz 485ms (cache miss)
2406 http fetch GET 200 https://registry.npmjs.org/any-promise/-/any-promise-1.3.0.tgz 483ms (cache miss)
2407 http fetch GET 200 https://registry.npmjs.org/setprototypeof/-/setprototypeof-1.1.1.tgz 585ms (cache miss)
2408 http fetch GET 200 https://registry.npmjs.org/shebang-regex/-/shebang-regex-3.0.0.tgz 586ms (cache miss)
2409 http fetch GET 200 https://registry.npmjs.org/safer-buffer/-/safer-buffer-2.1.2.tgz 585ms (cache miss)
2410 http fetch GET 200 https://registry.npmjs.org/statuses/-/statuses-1.5.0.tgz 585ms (cache miss)
2411 http fetch GET 200 https://registry.npmjs.org/cookie-es/-/cookie-es-2.0.0.tgz 587ms (cache miss)
2412 http fetch GET 200 https://registry.npmjs.org/inherits/-/inherits-2.0.4.tgz 606ms (cache miss)
2413 http fetch GET 200 https://registry.npmjs.org/toidentifier/-/toidentifier-1.0.0.tgz 613ms (cache miss)
2414 http fetch GET 200 https://registry.npmjs.org/@rolldown/pluginutils/-/pluginutils-1.0.0-rc.1.tgz 717ms (cache miss)
2415 http fetch GET 200 https://registry.npmjs.org/@oxc-project/types/-/types-0.110.0.tgz 716ms (cache miss)
2416 http fetch GET 200 https://registry.npmjs.org/@tsconfig/node10/-/node10-1.0.12.tgz 720ms (cache miss)
2417 http fetch GET 200 https://registry.npmjs.org/@tsconfig/node14/-/node14-1.0.3.tgz 721ms (cache miss)
2418 http fetch GET 200 https://registry.npmjs.org/fsevents/-/fsevents-2.3.3.tgz 722ms (cache miss)
2419 http fetch GET 200 https://registry.npmjs.org/@jridgewell/trace-mapping/-/trace-mapping-0.3.9.tgz 732ms (cache miss)
2420 http fetch GET 200 https://registry.npmjs.org/parse-ms/-/parse-ms-2.1.0.tgz 823ms (cache miss)
2421 http fetch GET 200 https://registry.npmjs.org/once/-/once-1.4.0.tgz 823ms (cache miss)
2422 http fetch GET 200 https://registry.npmjs.org/unpipe/-/unpipe-1.0.0.tgz 825ms (cache miss)
2423 http fetch GET 200 https://registry.npmjs.org/depd/-/depd-1.1.2.tgz 825ms (cache miss)
2424 http fetch GET 200 https://registry.npmjs.org/end-of-stream/-/end-of-stream-1.4.5.tgz 828ms (cache miss)
2425 http fetch GET 200 https://registry.npmjs.org/bytes/-/bytes-3.1.0.tgz 828ms (cache miss)
2426 http fetch GET 200 https://registry.npmjs.org/http-errors/-/http-errors-1.7.3.tgz 829ms (cache miss)
2427 http fetch GET 200 https://registry.npmjs.org/wrappy/-/wrappy-1.0.2.tgz 836ms (cache miss)
2428 http fetch GET 200 https://registry.npmjs.org/@emnapi/wasi-threads/-/wasi-threads-1.1.0.tgz 880ms (cache miss)
2429 http fetch GET 200 https://registry.npmjs.org/tslib/-/tslib-2.8.1.tgz 953ms (cache miss)
2430 http fetch GET 200 https://registry.npmjs.org/mimic-fn/-/mimic-fn-2.1.0.tgz 1041ms (cache miss)
2431 http fetch GET 200 https://registry.npmjs.org/@emnapi/runtime/-/runtime-1.8.1.tgz 1130ms (cache miss)
2432 http fetch GET 200 https://registry.npmjs.org/@isaacs/brace-expansion/-/brace-expansion-5.0.0.tgz 1311ms (cache miss)
2433 http fetch GET 200 https://registry.npmjs.org/content-type/-/content-type-1.0.4.tgz 1317ms (cache miss)
2434 http fetch GET 200 https://registry.npmjs.org/abbrev/-/abbrev-3.0.1.tgz 1343ms (cache miss)
2435 http fetch GET 200 https://registry.npmjs.org/@ts-morph/common/-/common-0.11.1.tgz 1472ms (cache miss)
2436 http fetch GET 200 https://registry.npmjs.org/whatwg-url/-/whatwg-url-5.0.0.tgz 1476ms (cache miss)
2437 http fetch GET 200 https://registry.npmjs.org/@isaacs/balanced-match/-/balanced-match-4.0.1.tgz 1476ms (cache miss)
2438 http fetch GET 200 https://registry.npmjs.org/@napi-rs/wasm-runtime/-/wasm-runtime-1.1.1.tgz 1508ms (cache miss)
2439 http fetch GET 200 https://registry.npmjs.org/arg/-/arg-4.1.0.tgz 1511ms (cache miss)
2440 http fetch GET 200 https://registry.npmjs.org/agent-base/-/agent-base-7.1.4.tgz 1544ms (cache miss)
2441 http fetch GET 200 https://registry.npmjs.org/pump/-/pump-3.0.3.tgz 1661ms (cache miss)
2442 http fetch GET 200 https://registry.npmjs.org/@types/json-schema/-/json-schema-7.0.15.tgz 1661ms (cache miss)
2443 http fetch GET 200 https://registry.npmjs.org/raw-body/-/raw-body-2.4.1.tgz 1672ms (cache miss)
2444 http fetch GET 200 https://registry.npmjs.org/dunder-proto/-/dunder-proto-1.0.1.tgz 1679ms (cache miss)
2445 http fetch GET 200 https://registry.npmjs.org/mime-db/-/mime-db-1.52.0.tgz 1693ms (cache miss)
2446 http fetch GET 200 https://registry.npmjs.org/@emnapi/core/-/core-1.8.1.tgz 1931ms (cache miss)
2447 http fetch GET 200 https://registry.npmjs.org/has-symbols/-/has-symbols-1.1.0.tgz 1930ms (cache miss)
2448 http fetch GET 200 https://registry.npmjs.org/math-intrinsics/-/math-intrinsics-1.1.0.tgz 1933ms (cache miss)
2449 http fetch GET 200 https://registry.npmjs.org/get-proto/-/get-proto-1.0.1.tgz 1932ms (cache miss)
2450 http fetch GET 200 https://registry.npmjs.org/@oxc-transform/binding-darwin-arm64/-/binding-darwin-arm64-0.111.0.tgz 1957ms (cache miss)
2451 http fetch GET 200 https://registry.npmjs.org/path-scurry/-/path-scurry-2.0.1.tgz 1960ms (cache miss)
2452 http fetch GET 200 https://registry.npmjs.org/iconv-lite/-/iconv-lite-0.4.24.tgz 1963ms (cache miss)
2453 http fetch GET 200 https://registry.npmjs.org/gopd/-/gopd-1.2.0.tgz 1973ms (cache miss)
2454 http fetch GET 200 https://registry.npmjs.org/fast-glob/-/fast-glob-3.3.3.tgz 2001ms (cache miss)
2455 http fetch GET 200 https://registry.npmjs.org/es-define-property/-/es-define-property-1.0.1.tgz 2006ms (cache miss)
2456 http fetch GET 200 https://registry.npmjs.org/es-object-atoms/-/es-object-atoms-1.1.1.tgz 2010ms (cache miss)
2457 http fetch GET 200 https://registry.npmjs.org/jsonfile/-/jsonfile-6.2.0.tgz 2018ms (cache miss)
2458 http fetch GET 200 https://registry.npmjs.org/universalify/-/universalify-2.0.1.tgz 2018ms (cache miss)
2459 http fetch GET 200 https://registry.npmjs.org/get-intrinsic/-/get-intrinsic-1.3.0.tgz 2033ms (cache miss)
2460 http fetch GET 200 https://registry.npmjs.org/function-bind/-/function-bind-1.1.2.tgz 2039ms (cache miss)
2461 http fetch GET 200 https://registry.npmjs.org/has-tostringtag/-/has-tostringtag-1.0.2.tgz 2038ms (cache miss)
2462 http fetch GET 200 https://registry.npmjs.org/delayed-stream/-/delayed-stream-1.0.0.tgz 2046ms (cache miss)
2463 http fetch GET 200 https://registry.npmjs.org/hasown/-/hasown-2.0.2.tgz 2047ms (cache miss)
2464 http fetch GET 200 https://registry.npmjs.org/es-set-tostringtag/-/es-set-tostringtag-2.1.0.tgz 2059ms (cache miss)
2465 http fetch GET 200 https://registry.npmjs.org/combined-stream/-/combined-stream-1.0.8.tgz 2061ms (cache miss)
2466 http fetch GET 200 https://registry.npmjs.org/asynckit/-/asynckit-0.4.0.tgz 2068ms (cache miss)
2467 http fetch GET 200 https://registry.npmjs.org/@tybys/wasm-util/-/wasm-util-0.10.1.tgz 2079ms (cache miss)
2468 http fetch GET 200 https://registry.npmjs.org/p-finally/-/p-finally-2.0.1.tgz 2089ms (cache miss)
2469 http fetch GET 200 https://registry.npmjs.org/path-key/-/path-key-3.1.1.tgz 2089ms (cache miss)
2470 http fetch GET 200 https://registry.npmjs.org/which/-/which-2.0.2.tgz 2089ms (cache miss)
2471 http fetch GET 200 https://registry.npmjs.org/shebang-command/-/shebang-command-2.0.0.tgz 2094ms (cache miss)
2472 http fetch GET 200 https://registry.npmjs.org/strip-final-newline/-/strip-final-newline-2.0.0.tgz 2094ms (cache miss)
2473 http fetch GET 200 https://registry.npmjs.org/npm-run-path/-/npm-run-path-4.0.1.tgz 2107ms (cache miss)
2474 http fetch GET 200 https://registry.npmjs.org/onetime/-/onetime-5.1.2.tgz 2109ms (cache miss)
2475 http fetch GET 200 https://registry.npmjs.org/merge-stream/-/merge-stream-2.0.0.tgz 2108ms (cache miss)
2476 http fetch GET 200 https://registry.npmjs.org/is-stream/-/is-stream-2.0.1.tgz 2109ms (cache miss)
2477 http fetch GET 200 https://registry.npmjs.org/cross-spawn/-/cross-spawn-7.0.6.tgz 2129ms (cache miss)
2478 http fetch GET 200 https://registry.npmjs.org/get-stream/-/get-stream-5.2.0.tgz 2148ms (cache miss)
2479 http fetch GET 200 https://registry.npmjs.org/human-signals/-/human-signals-1.1.1.tgz 2148ms (cache miss)
2480 http fetch GET 200 https://registry.npmjs.org/time-span/-/time-span-4.0.0.tgz 2148ms (cache miss)
2481 http fetch GET 200 https://registry.npmjs.org/call-bind-apply-helpers/-/call-bind-apply-helpers-1.0.2.tgz 2152ms (cache miss)
2482 http fetch GET 200 https://registry.npmjs.org/picocolors/-/picocolors-1.0.0.tgz 2154ms (cache miss)
2483 http fetch GET 200 https://registry.npmjs.org/mri/-/mri-1.2.0.tgz 2167ms (cache miss)
2484 http fetch GET 200 https://registry.npmjs.org/@edge-runtime/ponyfill/-/ponyfill-2.4.2.tgz 2184ms (cache miss)
2485 http fetch GET 200 https://registry.npmjs.org/ts-toolbelt/-/ts-toolbelt-6.15.5.tgz 2197ms (cache miss)
2486 http fetch GET 200 https://registry.npmjs.org/pretty-ms/-/pretty-ms-7.0.1.tgz 2191ms (cache miss)
2487 http fetch GET 200 https://registry.npmjs.org/readdirp/-/readdirp-4.1.2.tgz 2198ms (cache miss)
2488 http fetch GET 200 https://registry.npmjs.org/es-errors/-/es-errors-1.3.0.tgz 2202ms (cache miss)
2489 http fetch GET 200 https://registry.npmjs.org/file-uri-to-path/-/file-uri-to-path-1.0.0.tgz 2201ms (cache miss)
2490 http fetch GET 200 https://registry.npmjs.org/signal-exit/-/signal-exit-4.0.2.tgz 2203ms (cache miss)
2491 http fetch GET 200 https://registry.npmjs.org/require-from-string/-/require-from-string-2.0.2.tgz 2207ms (cache miss)
2492 http fetch GET 200 https://registry.npmjs.org/@edge-runtime/format/-/format-2.2.1.tgz 2215ms (cache miss)
2493 http fetch GET 200 https://registry.npmjs.org/json-schema-traverse/-/json-schema-traverse-1.0.0.tgz 2237ms (cache miss)
2494 http fetch GET 200 https://registry.npmjs.org/retry/-/retry-0.13.1.tgz 2268ms (cache miss)
2495 http fetch GET 200 https://registry.npmjs.org/fast-deep-equal/-/fast-deep-equal-3.1.3.tgz 2268ms (cache miss)
2496 http fetch GET 200 https://registry.npmjs.org/json-schema-to-ts/-/json-schema-to-ts-1.6.4.tgz 2273ms (cache miss)
2497 http fetch GET 200 https://registry.npmjs.org/@sinclair/typebox/-/typebox-0.25.24.tgz 2302ms (cache miss)
2498 http fetch GET 200 https://registry.npmjs.org/minimatch/-/minimatch-10.1.1.tgz 2356ms (cache miss)
2499 http fetch GET 200 https://registry.npmjs.org/undici-types/-/undici-types-5.26.5.tgz 2396ms (cache miss)
2500 http fetch GET 200 https://registry.npmjs.org/@iarna/toml/-/toml-2.2.5.tgz 2445ms (cache miss)
2501 http fetch GET 200 https://registry.npmjs.org/@vercel/gatsby-plugin-vercel-analytics/-/gatsby-plugin-vercel-analytics-1.0.11.tgz 2455ms (cache miss)
2502 http fetch GET 200 https://registry.npmjs.org/@vercel/gatsby-plugin-vercel-builder/-/gatsby-plugin-vercel-builder-2.0.127.tgz 2456ms (cache miss)
2503 http fetch GET 200 https://registry.npmjs.org/uri-js/-/uri-js-4.4.1.tgz 2460ms (cache miss)
2504 http fetch GET 200 https://registry.npmjs.org/web-vitals/-/web-vitals-0.2.4.tgz 2463ms (cache miss)
2505 http fetch GET 200 https://registry.npmjs.org/mime-types/-/mime-types-2.1.35.tgz 2481ms (cache miss)
2506 http fetch GET 200 https://registry.npmjs.org/etag/-/etag-1.8.1.tgz 2505ms (cache miss)
2507 http fetch GET 200 https://registry.npmjs.org/ts-node/-/ts-node-10.9.1.tgz 2532ms (cache miss)
2508 http fetch GET 200 https://registry.npmjs.org/es-module-lexer/-/es-module-lexer-1.4.1.tgz 2535ms (cache miss)
2509 http fetch GET 200 https://registry.npmjs.org/edge-runtime/-/edge-runtime-2.5.9.tgz 2554ms (cache miss)
2510 http fetch GET 200 https://registry.npmjs.org/@vercel/error-utils/-/error-utils-2.0.3.tgz 2580ms (cache miss)
2511 http fetch GET 200 https://registry.npmjs.org/@edge-runtime/primitives/-/primitives-4.1.0.tgz 2657ms (cache miss)
2512 http fetch GET 200 https://registry.npmjs.org/@edge-runtime/vm/-/vm-3.2.0.tgz 2665ms (cache miss)
2513 http fetch GET 200 https://registry.npmjs.org/https-proxy-agent/-/https-proxy-agent-7.0.6.tgz 2700ms (cache miss)
2514 http fetch GET 200 https://registry.npmjs.org/nopt/-/nopt-8.1.0.tgz 2701ms (cache miss)
2515 http fetch GET 200 https://registry.npmjs.org/detect-libc/-/detect-libc-2.1.2.tgz 2704ms (cache miss)
2516 http fetch GET 200 https://registry.npmjs.org/cjs-module-lexer/-/cjs-module-lexer-1.2.3.tgz 2751ms (cache miss)
2517 http fetch GET 200 https://registry.npmjs.org/resolve-from/-/resolve-from-5.0.0.tgz 2777ms (cache miss)
2518 http fetch GET 200 https://registry.npmjs.org/@types/estree/-/estree-1.0.8.tgz 2804ms (cache miss)
2519 http fetch GET 200 https://registry.npmjs.org/node-gyp-build/-/node-gyp-build-4.8.4.tgz 2815ms (cache miss)
2520 http fetch GET 200 https://registry.npmjs.org/picomatch/-/picomatch-4.0.3.tgz 2819ms (cache miss)
2521 http fetch GET 200 https://registry.npmjs.org/graceful-fs/-/graceful-fs-4.2.11.tgz 2820ms (cache miss)
2522 http fetch GET 200 https://registry.npmjs.org/estree-walker/-/estree-walker-2.0.2.tgz 2892ms (cache miss)
2523 http fetch GET 200 https://registry.npmjs.org/bindings/-/bindings-1.5.0.tgz 2943ms (cache miss)
2524 http fetch GET 200 https://registry.npmjs.org/acorn-import-attributes/-/acorn-import-attributes-1.9.5.tgz 2983ms (cache miss)
2525 http fetch GET 200 https://registry.npmjs.org/async-sema/-/async-sema-3.1.1.tgz 2983ms (cache miss)
2526 http fetch GET 200 https://registry.npmjs.org/consola/-/consola-3.4.2.tgz 3043ms (cache miss)
2527 http fetch GET 200 https://registry.npmjs.org/@rollup/pluginutils/-/pluginutils-5.3.0.tgz 3075ms (cache miss)
2528 http fetch GET 200 https://registry.npmjs.org/acorn/-/acorn-8.15.0.tgz 3141ms (cache miss)
2529 http fetch GET 200 https://registry.npmjs.org/uid-promise/-/uid-promise-1.0.0.tgz 3152ms (cache miss)
2530 http fetch GET 200 https://registry.npmjs.org/yauzl-promise/-/yauzl-promise-2.1.3.tgz 3154ms (cache miss)
2531 http fetch GET 200 https://registry.npmjs.org/tree-kill/-/tree-kill-1.2.2.tgz 3161ms (cache miss)
2532 http fetch GET 200 https://registry.npmjs.org/xdg-app-paths/-/xdg-app-paths-5.1.0.tgz 3161ms (cache miss)
2533 http fetch GET 200 https://registry.npmjs.org/tinyexec/-/tinyexec-0.3.2.tgz 3225ms (cache miss)
2534 http fetch GET 200 https://registry.npmjs.org/glob/-/glob-13.0.0.tgz 3264ms (cache miss)
2535 http fetch GET 200 https://registry.npmjs.org/stream-to-promise/-/stream-to-promise-2.2.0.tgz 3281ms (cache miss)
2536 http fetch GET 200 https://registry.npmjs.org/semver/-/semver-7.5.4.tgz 3296ms (cache miss)
2537 http fetch GET 200 https://registry.npmjs.org/stat-mode/-/stat-mode-0.3.0.tgz 3304ms (cache miss)
2538 http fetch GET 200 https://registry.npmjs.org/promisepipe/-/promisepipe-3.0.0.tgz 3319ms (cache miss)
2539 http fetch GET 200 https://registry.npmjs.org/@mapbox/node-pre-gyp/-/node-pre-gyp-2.0.3.tgz 3420ms (cache miss)
2540 http fetch GET 200 https://registry.npmjs.org/ms/-/ms-2.1.1.tgz 3428ms (cache miss)
2541 http fetch GET 200 https://registry.npmjs.org/micro/-/micro-9.3.5-canary.3.tgz 3428ms (cache miss)
2542 http fetch GET 200 https://registry.npmjs.org/generic-pool/-/generic-pool-3.4.2.tgz 3430ms (cache miss)
2543 http fetch GET 200 https://registry.npmjs.org/debug/-/debug-4.3.4.tgz 3452ms (cache miss)
2544 http fetch GET 200 https://registry.npmjs.org/tar/-/tar-6.2.1.tgz 3486ms (cache miss)
2545 warn deprecated tar@6.2.1: Old versions of tar are not supported, and contain widely publicized security vulnerabilities, which have been fixed in the current version. Please update. Support for old versions may be purchased (at exhorbitant rates) by contacting i@izs.me
2546 http fetch GET 200 https://registry.npmjs.org/async-listen/-/async-listen-1.2.0.tgz 3493ms (cache miss)
2547 http fetch GET 200 https://registry.npmjs.org/zod/-/zod-3.22.4.tgz 3562ms (cache miss)
2548 http fetch GET 200 https://registry.npmjs.org/ts-morph/-/ts-morph-12.0.0.tgz 3599ms (cache miss)
2549 http fetch GET 200 https://registry.npmjs.org/path-to-regexp/-/path-to-regexp-8.3.0.tgz 3618ms (cache miss)
2550 http fetch GET 200 https://registry.npmjs.org/@vercel/static-config/-/static-config-3.1.2.tgz 3649ms (cache miss)
2551 http fetch GET 200 https://registry.npmjs.org/node-fetch/-/node-fetch-2.6.7.tgz 3652ms (cache miss)
2552 http fetch GET 200 https://registry.npmjs.org/path-to-regexp/-/path-to-regexp-6.3.0.tgz 3694ms (cache miss)
2553 http fetch GET 200 https://registry.npmjs.org/oxc-transform/-/oxc-transform-0.111.0.tgz 3738ms (cache miss)
2554 http fetch GET 200 https://registry.npmjs.org/tsx/-/tsx-4.21.0.tgz 3792ms (cache miss)
2555 http fetch GET 200 https://registry.npmjs.org/minipass/-/minipass-7.1.2.tgz 3833ms (cache miss)
2556 http fetch GET 200 https://registry.npmjs.org/srvx/-/srvx-0.8.9.tgz 3822ms (cache miss)
2557 http fetch GET 200 https://registry.npmjs.org/is-node-process/-/is-node-process-1.2.0.tgz 3933ms (cache miss)
2558 http fetch GET 200 https://registry.npmjs.org/rolldown/-/rolldown-1.0.0-rc.1.tgz 3934ms (cache miss)
2559 http fetch GET 200 https://registry.npmjs.org/throttleit/-/throttleit-2.1.0.tgz 3940ms (cache miss)
2560 http fetch GET 200 https://registry.npmjs.org/is-buffer/-/is-buffer-2.0.5.tgz 3957ms (cache miss)
2561 http fetch GET 200 https://registry.npmjs.org/execa/-/execa-3.2.0.tgz 3959ms (cache miss)
2562 http fetch GET 200 https://registry.npmjs.org/@tootallnate/once/-/once-2.0.0.tgz 3978ms (cache miss)
2563 http fetch GET 200 https://registry.npmjs.org/@types/node/-/node-20.11.0.tgz 4073ms (cache miss)
2564 http fetch GET 200 https://registry.npmjs.org/async-retry/-/async-retry-1.3.3.tgz 4073ms (cache miss)
2565 http fetch GET 200 https://registry.npmjs.org/fs-extra/-/fs-extra-11.1.0.tgz 4164ms (cache miss)
2566 http fetch GET 200 https://registry.npmjs.org/@vercel/cervel/-/cervel-0.0.11.tgz 4287ms (cache miss)
2567 http fetch GET 200 https://registry.npmjs.org/resolve.exports/-/resolve.exports-2.0.3.tgz 4297ms (cache miss)
2568 http fetch GET 200 https://registry.npmjs.org/form-data/-/form-data-4.0.5.tgz 4376ms (cache miss)
2569 http fetch GET 200 https://registry.npmjs.org/chokidar/-/chokidar-4.0.0.tgz 4446ms (cache miss)
2570 http fetch GET 200 https://registry.npmjs.org/@vercel/introspection/-/introspection-0.0.10.tgz 4506ms (cache miss)
2571 http fetch GET 200 https://registry.npmjs.org/jose/-/jose-5.9.6.tgz 4554ms (cache miss)
2572 http fetch GET 200 https://registry.npmjs.org/@vercel/ruby/-/ruby-2.2.5.tgz 4607ms (cache miss)
2573 http fetch GET 200 https://registry.npmjs.org/@vercel/rust/-/rust-1.0.5.tgz 4626ms (cache miss)
2574 http fetch GET 200 https://registry.npmjs.org/esbuild/-/esbuild-0.27.0.tgz 4677ms (cache miss)
2575 http fetch GET 200 https://registry.npmjs.org/@edge-runtime/node-utils/-/node-utils-2.3.0.tgz 4698ms (cache miss)
2576 http fetch GET 200 https://registry.npmjs.org/@vercel/remix-builder/-/remix-builder-5.5.9.tgz 4709ms (cache miss)
2577 http fetch GET 200 https://registry.npmjs.org/nf3/-/nf3-0.3.6.tgz 4727ms (cache miss)
2578 http fetch GET 200 https://registry.npmjs.org/lru-cache/-/lru-cache-11.2.5.tgz 4760ms (cache miss)
2579 http fetch GET 200 https://registry.npmjs.org/@vercel/redwood/-/redwood-2.4.9.tgz 4780ms (cache miss)
2580 http fetch GET 200 https://registry.npmjs.org/@vercel/nestjs/-/nestjs-0.2.31.tgz 4807ms (cache miss)
2581 http fetch GET 200 https://registry.npmjs.org/@vercel/python/-/python-6.4.2.tgz 4845ms (cache miss)
2582 http fetch GET 200 https://registry.npmjs.org/@vercel/hydrogen/-/hydrogen-1.3.5.tgz 4858ms (cache miss)
2583 http fetch GET 200 https://registry.npmjs.org/@vercel/h3/-/h3-0.1.36.tgz 4976ms (cache miss)
2584 http fetch GET 200 https://registry.npmjs.org/@vercel/nft/-/nft-1.3.0.tgz 5039ms (cache miss)
2585 http fetch GET 200 https://registry.npmjs.org/@vercel/express/-/express-0.1.35.tgz 5130ms (cache miss)
2586 http fetch GET 200 https://registry.npmjs.org/@vercel/fun/-/fun-1.2.1.tgz 5137ms (cache miss)
2587 http fetch GET 200 https://registry.npmjs.org/@vercel/koa/-/koa-0.1.10.tgz 5183ms (cache miss)
2588 http fetch GET 200 https://registry.npmjs.org/@vercel/next/-/next-4.15.20.tgz 5184ms (cache miss)
2589 http fetch GET 200 https://registry.npmjs.org/@vercel/fastify/-/fastify-0.1.30.tgz 5195ms (cache miss)
2590 http fetch GET 200 https://registry.npmjs.org/@vercel/elysia/-/elysia-0.1.27.tgz 5208ms (cache miss)
2591 http fetch GET 200 https://registry.npmjs.org/@vercel/detect-agent/-/detect-agent-1.1.0.tgz 5229ms (cache miss)
2592 http fetch GET 200 https://registry.npmjs.org/@vercel/node/-/node-5.5.28.tgz 5324ms (cache miss)
2593 http fetch GET 200 https://registry.npmjs.org/picomatch/-/picomatch-2.3.1.tgz 5351ms (cache miss)
2594 http fetch GET 200 https://registry.npmjs.org/minipass/-/minipass-3.3.6.tgz 5371ms (cache miss)
2595 http fetch GET 200 https://registry.npmjs.org/minipass/-/minipass-3.3.6.tgz 5487ms (cache miss)
2596 http fetch GET 200 https://registry.npmjs.org/minimatch/-/minimatch-3.1.2.tgz 5495ms (cache miss)
2597 http fetch GET 200 https://registry.npmjs.org/@vercel/backends/-/backends-0.0.24.tgz 5553ms (cache miss)
2598 http fetch GET 200 https://registry.npmjs.org/ajv/-/ajv-8.6.3.tgz 5628ms (cache miss)
2599 http fetch GET 200 https://registry.npmjs.org/yallist/-/yallist-5.0.0.tgz 5676ms (cache miss)
2600 http fetch GET 200 https://registry.npmjs.org/@vercel/blob/-/blob-1.0.2.tgz 5677ms (cache miss)
2601 http fetch GET 200 https://registry.npmjs.org/@vercel/go/-/go-3.3.4.tgz 5687ms (cache miss)
2602 http fetch GET 200 https://registry.npmjs.org/async-listen/-/async-listen-3.0.1.tgz 5685ms (cache miss)
2603 http fetch GET 200 https://registry.npmjs.org/minizlib/-/minizlib-3.1.0.tgz 5689ms (cache miss)
2604 http fetch GET 200 https://registry.npmjs.org/chownr/-/chownr-3.0.0.tgz 5690ms (cache miss)
2605 http fetch GET 200 https://registry.npmjs.org/minipass/-/minipass-5.0.0.tgz 5722ms (cache miss)
2606 http fetch GET 200 https://registry.npmjs.org/end-of-stream/-/end-of-stream-1.1.0.tgz 5727ms (cache miss)
2607 http fetch GET 200 https://registry.npmjs.org/lru-cache/-/lru-cache-6.0.0.tgz 5732ms (cache miss)
2608 http fetch GET 200 https://registry.npmjs.org/once/-/once-1.3.3.tgz 5733ms (cache miss)
2609 http fetch GET 200 https://registry.npmjs.org/signal-exit/-/signal-exit-3.0.7.tgz 5748ms (cache miss)
2610 http fetch GET 200 https://registry.npmjs.org/ms/-/ms-2.1.2.tgz 5750ms (cache miss)
2611 http fetch GET 200 https://registry.npmjs.org/signal-exit/-/signal-exit-3.0.7.tgz 5781ms (cache miss)
2612 http fetch GET 200 https://registry.npmjs.org/get-stream/-/get-stream-6.0.1.tgz 5789ms (cache miss)
2613 http fetch GET 200 https://registry.npmjs.org/human-signals/-/human-signals-2.1.0.tgz 5814ms (cache miss)
2614 http fetch GET 200 https://registry.npmjs.org/execa/-/execa-5.1.1.tgz 5815ms (cache miss)
2615 http fetch GET 200 https://registry.npmjs.org/semver/-/semver-6.3.1.tgz 5954ms (cache miss)
2616 http fetch GET 200 https://registry.npmjs.org/@vercel/nft/-/nft-1.1.1.tgz 6014ms (cache miss)
2617 http fetch GET 200 https://registry.npmjs.org/@vercel/nft/-/nft-1.1.1.tgz 6041ms (cache miss)
2618 http fetch GET 200 https://registry.npmjs.org/@rolldown/binding-darwin-arm64/-/binding-darwin-arm64-1.0.0-rc.1.tgz 6102ms (cache miss)
2619 http fetch GET 200 https://registry.npmjs.org/path-to-regexp/-/path-to-regexp-6.1.0.tgz 6110ms (cache miss)
2620 http fetch GET 200 https://registry.npmjs.org/path-to-regexp/-/path-to-regexp-6.1.0.tgz 6153ms (cache miss)
2621 http fetch GET 200 https://registry.npmjs.org/async-listen/-/async-listen-3.0.0.tgz 6180ms (cache miss)
2622 http fetch GET 200 https://registry.npmjs.org/node-fetch/-/node-fetch-2.6.9.tgz 6200ms (cache miss)
2623 http fetch GET 200 https://registry.npmjs.org/@vercel/nft/-/nft-1.1.1.tgz 6238ms (cache miss)
2624 http fetch GET 200 https://registry.npmjs.org/@vercel/nft/-/nft-1.1.1.tgz 6258ms (cache miss)
2625 http fetch GET 200 https://registry.npmjs.org/path-to-regexp/-/path-to-regexp-8.2.0.tgz 6287ms (cache miss)
2626 http fetch GET 200 https://registry.npmjs.org/@vercel/nft/-/nft-1.1.1.tgz 6358ms (cache miss)
2627 http fetch GET 200 https://registry.npmjs.org/@vercel/hono/-/hono-0.2.30.tgz 6368ms (cache miss)
2628 http fetch GET 200 https://registry.npmjs.org/path-to-regexp 6241ms (cache miss)
2629 silly packumentCache corgi:https://registry.npmjs.org/path-to-regexp set size:undefined disposed:false
2630 http fetch GET 200 https://registry.npmjs.org/undici 6277ms (cache miss)
2631 silly packumentCache corgi:https://registry.npmjs.org/undici set size:undefined disposed:false
2632 http fetch GET 200 https://registry.npmjs.org/tar 6332ms (cache miss)
2633 silly packumentCache corgi:https://registry.npmjs.org/tar set size:undefined disposed:false
2634 silly packumentCache corgi:https://registry.npmjs.org/@vercel%2fnode cache-miss
2635 http fetch GET 200 https://registry.npmjs.org/@vercel/nft/-/nft-1.1.1.tgz 6501ms (cache miss)
2636 http fetch GET 200 https://registry.npmjs.org/@vercel%2fnode 111ms (cache miss)
2637 silly packumentCache corgi:https://registry.npmjs.org/@vercel%2fnode set size:undefined disposed:false
2638 silly packumentCache corgi:https://registry.npmjs.org/@vercel%2fblob cache-miss
2639 http fetch GET 200 https://registry.npmjs.org/undici/-/undici-5.29.0.tgz 6611ms (cache miss)
2640 http fetch GET 200 https://registry.npmjs.org/@vercel%2fblob 101ms (cache miss)
2641 silly packumentCache corgi:https://registry.npmjs.org/@vercel%2fblob set size:undefined disposed:false
2642 silly packumentCache corgi:https://registry.npmjs.org/@vercel%2fremix-builder cache-miss
2643 http fetch GET 200 https://registry.npmjs.org/@vercel%2fremix-builder 65ms (cache miss)
2644 silly packumentCache corgi:https://registry.npmjs.org/@vercel%2fremix-builder set size:undefined disposed:false
2645 silly packumentCache corgi:https://registry.npmjs.org/@vercel%2ffun cache-miss
2646 http fetch GET 200 https://registry.npmjs.org/undici/-/undici-5.28.4.tgz 6769ms (cache miss)
2647 http fetch GET 200 https://registry.npmjs.org/@vercel%2ffun 198ms (cache miss)
2648 silly packumentCache corgi:https://registry.npmjs.org/@vercel%2ffun set size:undefined disposed:false
2649 silly packumentCache corgi:https://registry.npmjs.org/vercel cache-miss
2650 silly packumentCache corgi:https://registry.npmjs.org/@vercel%2felysia cache-miss
2651 silly packumentCache corgi:https://registry.npmjs.org/@vercel%2fexpress cache-miss
2652 silly packumentCache corgi:https://registry.npmjs.org/@vercel%2ffastify cache-miss
2653 silly packumentCache corgi:https://registry.npmjs.org/@vercel%2fh3 cache-miss
2654 silly packumentCache corgi:https://registry.npmjs.org/@vercel%2fhono cache-miss
2655 silly packumentCache corgi:https://registry.npmjs.org/@vercel%2fkoa cache-miss
2656 silly packumentCache corgi:https://registry.npmjs.org/@vercel%2fnestjs cache-miss
2657 http cache https://registry.npmjs.org/vercel 12ms (cache hit)
2658 silly packumentCache corgi:https://registry.npmjs.org/vercel set size:3769991 disposed:false
2659 http fetch GET 200 https://registry.npmjs.org/@vercel%2fkoa 116ms (cache miss)
2660 silly packumentCache corgi:https://registry.npmjs.org/@vercel%2fkoa set size:undefined disposed:false
2661 http fetch GET 200 https://registry.npmjs.org/@vercel%2ffastify 117ms (cache miss)
2662 silly packumentCache corgi:https://registry.npmjs.org/@vercel%2ffastify set size:undefined disposed:false
2663 http fetch GET 200 https://registry.npmjs.org/@vercel%2felysia 119ms (cache miss)
2664 silly packumentCache corgi:https://registry.npmjs.org/@vercel%2felysia set size:undefined disposed:false
2665 http fetch GET 200 https://registry.npmjs.org/@vercel%2fh3 119ms (cache miss)
2666 silly packumentCache corgi:https://registry.npmjs.org/@vercel%2fh3 set size:undefined disposed:false
2667 http fetch GET 200 https://registry.npmjs.org/@vercel%2fnestjs 119ms (cache miss)
2668 silly packumentCache corgi:https://registry.npmjs.org/@vercel%2fnestjs set size:undefined disposed:false
2669 http fetch GET 200 https://registry.npmjs.org/@vercel%2fexpress 120ms (cache miss)
2670 silly packumentCache corgi:https://registry.npmjs.org/@vercel%2fexpress set size:undefined disposed:false
2671 http fetch GET 200 https://registry.npmjs.org/@vercel%2fhono 222ms (cache miss)
2672 silly packumentCache corgi:https://registry.npmjs.org/@vercel%2fhono set size:undefined disposed:false
2673 http fetch GET 200 https://registry.npmjs.org/tar/-/tar-7.5.7.tgz 7728ms (cache miss)
2674 http fetch GET 200 https://registry.npmjs.org/@vercel/build-utils/-/build-utils-13.2.16.tgz 7766ms (cache miss)
2675 http fetch GET 200 https://registry.npmjs.org/@esbuild/darwin-arm64/-/darwin-arm64-0.27.0.tgz 8511ms (cache miss)
2676 http fetch GET 200 https://registry.npmjs.org/typescript/-/typescript-5.9.3.tgz 8568ms (cache miss)
2677 http fetch GET 200 https://registry.npmjs.org/@vercel/static-build/-/static-build-2.8.28.tgz 8814ms (cache miss)
2678 http fetch GET 200 https://registry.npmjs.org/vercel/-/vercel-50.9.6.tgz 9444ms (cache miss)
2679 http fetch GET 200 https://registry.npmjs.org/typescript/-/typescript-5.9.3.tgz 10010ms (cache miss)
2680 http fetch GET 200 https://registry.npmjs.org/typescript/-/typescript-4.9.5.tgz 11489ms (cache miss)
2681 info run fsevents@2.3.3 install node_modules/fsevents node-gyp rebuild
2682 info run fsevents@2.3.3 install { code: 1, signal: null }
2683 verbose reify failed optional dependency /Users/chenyouwei/stocklens(trae)/stock-lens/.npm/_npx/69f9afb961c37556/node_modules/fsevents
2684 silly reify mark deleted [
2684 silly reify   '/Users/chenyouwei/stocklens(trae)/stock-lens/.npm/_npx/69f9afb961c37556/node_modules/fsevents'
2684 silly reify ]
2685 info run esbuild@0.27.0 postinstall node_modules/esbuild node install.js
2686 info run esbuild@0.27.0 postinstall { code: 0, signal: null }
